track_name,artist,album,release_date,duration,popularity,explicit,track_number,danceability,energy,key,loudness,mode,speechiness,acousticness,instrumentalness,liveness,valence,tempo,uri
船窓,Emerson Kitamura,船窓 / おろかな指,2022-08-03,210800,22,False,1,0.688,0.297,3,-15.369,1,0.0636,0.505,0.921,0.113,0.0391,124.007,spotify:track:75q97me0dAUd7GDbilPCiu
I Found What I've Been Searching For,La'Verne Washington,The Promise / I Found What I've Been Searching For,2020-08-21,259540,29,False,2,0.53,0.694,1,-4.774,1,0.0374,0.282,0.0,0.279,0.474,149.533,spotify:track:1OvyyA8AHjfAdDmnM6KOlY
"Good Thoughts, Bad Thoughts",Funkadelic,Standing On The Verge Of Getting It On,1974-07-10,737130,41,False,7,0.398,0.306,4,-17.293,0,0.0363,0.934,0.0121,0.215,0.293,108.145,spotify:track:2jIMUFk9VGIOUYTWyx2pC5
Such a Feeling,Aurra,Live and Let Live,1983-01-01,321533,0,False,1,0.767,0.784,0,-6.8,1,0.0592,0.153,1.66e-05,0.0557,0.708,108.005,spotify:track:6avNBU8cdaICX5wDd2cINn
High John,MAVI,"Laughing so Hard, it Hurts",2022-10-14,130156,57,True,1,0.545,0.54,11,-10.01,1,0.48,0.718,0.0,0.207,0.657,170.387,spotify:track:55liByWjb2T7j0vohSel10
No Passa,2fox,Peace of Mind,2022-10-28,217621,0,False,2,0.774,0.716,0,-7.907,1,0.0632,0.0283,0.0479,0.172,0.686,125.01,spotify:track:2jT3SPpQCkkHilhF799MUR
The Dreaming Moon,The Magnetic Fields,Get Lost,1995-09-19,204800,46,False,13,0.501,0.851,9,-10.885,1,0.0326,0.0478,0.77,0.0642,0.949,164.016,spotify:track:3aVBGDsM3G8QXAmS9O5nqG
nyc in 1940,berlioz,nyc in 1940,2022-06-03,156611,67,False,1,0.839,0.482,9,-13.931,0,0.121,0.337,0.89,0.0859,0.585,116.998,spotify:track:6loDuwmsq6fazVxqqRhmcp
Sour Face - dego Remix,Bryony Jarman-Pinto,Sour Face: dego & 2000Black Remixes,2020-10-08,252959,29,False,1,0.852,0.694,2,-7.173,1,0.0483,0.277,0.00138,0.12,0.908,122.001,spotify:track:4De3lEHnFuHMb3ZJjfQVa8
When There’S Love Around (Remastered) - Live,The Crusaders,New Orleans Jazz And Heritage Festival April 19Th 1977 - Live (Remastered),1977,604053,0,False,2,0.54,0.705,1,-10.62,1,0.0524,0.703,0.473,0.551,0.683,111.403,spotify:track:400Zk25frc68xg3fgxRaSR
Downtown,Sally C,Big Saldo's Chunker 002,2022-04-22,322009,29,False,2,0.768,0.942,0,-8.336,1,0.0538,0.00103,0.332,0.389,0.603,129.008,spotify:track:1YvlimLxXzHQIE476nBFws
Soft Peng - JD. Reid Remix,Ebi Soda,Soft Peng (JD. Reid Remix),2023-01-17,266775,11,False,1,0.659,0.52,4,-12.157,0,0.0717,0.163,0.366,0.106,0.476,160.064,spotify:track:4zHdM8eguZBF1TC3C8bTNm
Reasons,Ishmael Ensemble,Reasons,2023-01-13,292495,18,False,1,0.313,0.537,10,-9.913,0,0.0822,0.0167,0.0657,0.102,0.17,171.362,spotify:track:0afUusMZLIOvAJNdAoDRQm
Spiral,The Vernon Spring,A Plane Over Woods,2021-03-26,60173,51,False,6,0.301,0.114,6,-21.377,0,0.0656,0.946,0.882,0.11,0.341,179.211,spotify:track:2EkXlmrnIdCWrSgt9CqgZ9
Something to Do in the Future,Ebi Soda,Ugh,2020-05-22,166034,46,False,9,0.564,0.419,1,-10.054,1,0.0366,0.863,0.957,0.0847,0.151,72.44,spotify:track:6XDmTtxkGHoBau4iyV977T
Nature's Ratio,Slowly Rolling Camera,Juniper,2018-07-06,117946,54,False,6,0.0,0.0473,7,-16.737,1,0.0,0.979,0.959,0.187,0.0,0.0,spotify:track:1MSRIh0BHzrMMUQGlV6I5o
The Duke,DARGZ,The Duke,2022-01-28,110869,54,False,1,0.626,0.536,6,-7.407,0,0.112,0.485,0.393,0.103,0.635,91.17,spotify:track:6Sn8gX7ls3ub1mKEpvBD5S
Ada,Nala Sinephro,Touching Bass presents: Soon Come,2022-07-01,80083,36,False,9,0.295,0.131,6,-14.901,0,0.0389,0.995,0.864,0.151,0.0555,77.219,spotify:track:7glonKcaKhAmoK5MiewROa
"Now (Pink Triangle, Blue Valley)",Alabaster DePlume,GOLD,2022-04-01,426640,12,False,19,0.287,0.226,3,-13.168,0,0.0352,0.915,0.907,0.151,0.112,100.017,spotify:track:1BevvrRMPfzf4vo74MoX67
Peace Be Unto You (PBUY),Asake,Peace Be Unto You (PBUY),2022-06-16,153103,49,False,1,0.808,0.769,7,-7.207,0,0.0833,0.101,4.12e-05,0.119,0.685,116.001,spotify:track:1mJFFeluclL38IwV264lm9
Black Mona Lisa,Braxton Cook,Indie,2023-01-13,344428,0,False,3,0.3,0.619,8,-7.436,1,0.0414,0.457,0.185,0.112,0.118,92.095,spotify:track:4ah8uApF3wLXMuOUds7ORU
Ruby Smiles,Reuben James,Tunnel Vision,2022-04-29,69000,0,False,5,0.802,0.711,11,-11.107,0,0.0439,0.381,0.839,0.106,0.962,89.992,spotify:track:2UU8k7GriFSixuYbgO3axz
Walk Cycle,The JuJu Exchange,Walk Cycle,2022-04-27,192013,0,False,1,0.525,0.61,5,-9.312,0,0.0441,0.224,0.901,0.102,0.538,85.028,spotify:track:6zX73swV0JYKmOUSBpqLSt
Tony Sendo,Underground Canopy,Bluestaeb and S. Fidelity Present Underground Canopy,2020-01-31,230739,0,False,5,0.558,0.531,2,-9.419,0,0.0486,0.122,0.66,0.145,0.414,140.952,spotify:track:3RqwEzOP1pZk01MM4g0mbH
UC Visions,Underground Canopy,Bluestaeb and S. Fidelity Present Underground Canopy,2020-01-31,620731,0,False,7,0.494,0.428,9,-11.628,0,0.0703,0.116,0.726,0.0767,0.536,83.012,spotify:track:4Uhf1QfKBpfR1DrAmRgCWL
Juego de Olas,Pachakuti,Juego de Olas,2021-05-12,128026,40,False,1,0.733,0.516,9,-13.241,0,0.101,0.249,0.825,0.106,0.167,89.977,spotify:track:5SwOsQVVYTBdvrtoE70KNR
Picking Up (feat. Deb Never),Biig Piig,Picking Up (feat. Deb Never),2022-12-08,175520,25,True,1,0.606,0.676,7,-7.427,1,0.0969,0.171,0.0,0.112,0.253,85.022,spotify:track:2liSXJK5oGKFch8OZ0Uinn
Olhos Coloridos,Sandra De Sá,Sandra de Sá - 1982,1982-01-01,267266,48,False,1,0.842,0.549,5,-10.857,0,0.0447,0.17,0.00122,0.0804,0.967,96.566,spotify:track:45XopGhwYSgooiewaZNsSd
Mixed Signals,S. Fidelity,Fidelity Radio Club,2021-04-09,168625,36,False,3,0.678,0.247,1,-8.424,1,0.342,0.0248,0.524,0.0489,0.803,184.259,spotify:track:6Py9k0mYiUwRkY9JvB1GaT
Ovule (feat. Shygirl) [Sega Bodega Remix],Björk,Ovule (feat. Shygirl) [Sega Bodega Remix],2023-01-20,224827,3,False,1,0.664,0.679,8,-7.263,1,0.106,0.434,4.92e-05,0.456,0.134,103.908,spotify:track:6wfnKqy0C9xUrxZVgzHz8C
Lady - Ezra Collective Version,Ezra Collective,Lady (Ezra Collective Version),2023-01-10,347266,41,False,1,0.499,0.727,1,-8.806,0,0.111,0.00317,0.842,0.118,0.561,125.433,spotify:track:3pOT3YM1WPFsCyQIRgSBNP
In the Dark,Biig Piig,Bubblegum,2023-01-20,139493,48,False,7,0.72,0.544,4,-9.161,0,0.0303,0.142,0.0135,0.24,0.435,113.535,spotify:track:1so2V5ZMQyROuspjpuThDn
Everything,Gotts Street Park,Everything,2020-10-06,215573,61,False,1,0.659,0.495,0,-9.316,1,0.0488,0.139,0.205,0.203,0.616,82.126,spotify:track:3ELZG2YLGrwCVesooFyF4e
Summer Breeze,Ramsey Lewis,Solar Wind,1974-08-08,290360,32,False,6,0.622,0.515,11,-11.282,0,0.0347,0.363,0.913,0.12,0.707,87.769,spotify:track:3F0yjKvYkEBs8oQfUe64kL
Sweet and Tender You,Ramsey Lewis,Solar Wind,1974-08-08,346200,9,False,1,0.785,0.882,0,-8.259,0,0.0401,0.0835,0.903,0.123,0.884,135.658,spotify:track:1poM8pdZjBrDZMlHHvsOXG
Come Down In Time,Ramsey Lewis,Solar Wind,1974-08-08,292000,6,False,8,0.53,0.428,7,-15.047,1,0.0864,0.62,0.746,0.0764,0.13,115.82,spotify:track:5u2VLWYdFnb4yyR3xrn7YV
Love for a Day,Ramsey Lewis,Solar Wind,1974-08-08,296440,9,False,9,0.638,0.803,7,-9.912,0,0.048,0.00565,0.437,0.0505,0.918,169.955,spotify:track:7B3AsXHluZn9T6Cnp48j00
3210,Jeshi,Universal Credit,2022-05-27,191520,29,False,7,0.758,0.612,6,-7.876,1,0.244,0.683,0.0173,0.113,0.426,140.071,spotify:track:5o3UjkMXVuXH9ioZc4cqu2
3210 - Ross from Friends Remix,Jeshi,3210 (Ross from Friends Remix),2022-03-30,352664,35,True,1,0.69,0.725,6,-9.94,0,0.2,0.0392,0.00474,0.116,0.358,140.05,spotify:track:1PfbIpFjsS1BayUoqB3X7O
What You Say?,Young Marco,What You Say?,2023-01-13,203688,55,False,1,0.687,0.746,6,-9.043,0,0.0484,0.033,0.00113,0.107,0.163,136.03,spotify:track:22quZFeltYbo325rn3ktTe
Kepko,Sega Bodega,Kepko,2022-11-09,192453,37,False,1,0.599,0.814,11,-9.001,0,0.0661,0.277,0.535,0.272,0.375,151.207,spotify:track:5VChaeq6hagzFFwDsWETyz
Be There in the Morning - 1977 Version,Renee Geyer,Be There in the Morning,2014-05-26,255113,22,False,1,0.613,0.886,2,-9.332,0,0.0633,0.0632,1.41e-06,0.166,0.675,104.941,spotify:track:6NcIy8zARjYw8fmpoq4NuB
Crazy Days,Forest,Crazy Days,1978,314120,0,False,1,0.545,0.853,7,-8.685,0,0.0355,0.386,0.0151,0.0797,0.95,104.194,spotify:track:65iRAmwMawBQ5Duu1oJFtf
Colours of Excitement,Rimona Francis,Rimona Francis,2015-03-27,432930,3,False,2,0.422,0.482,0,-15.179,1,0.0549,0.448,5.63e-05,0.0997,0.297,111.632,spotify:track:1NbJITtXyDb5XGwkdZd1Wa
That's What She Says,Manfredo Fest,Brazilian Dorian Dream,1976,247763,24,False,4,0.567,0.391,2,-13.372,1,0.0296,0.905,0.96,0.113,0.609,134.604,spotify:track:0zvWgIXtLEh0gjV53L551k
Breezin',Gábor Szabó,High Contrast,1971-01-01,191293,41,False,1,0.526,0.589,2,-11.109,1,0.0377,0.542,0.894,0.068,0.95,86.636,spotify:track:6vgX6B5beQ0SXbmIDwZBDJ
Paz & Amor,young.vishnu,Paz & Amor,2023-01-06,172683,15,False,1,0.471,0.588,0,-6.579,0,0.0605,0.108,0.795,0.139,0.852,87.876,spotify:track:0BSnOgCXl9KlR78wTDk1cZ
Trudi's Mood,Ruby Rushton,"Trudi's Songbook, Vol. 1",2018-08-24,93975,44,False,3,0.68,0.252,10,-21.361,0,0.052,0.239,0.0887,0.071,0.802,82.441,spotify:track:1TaVuTJt4KaZ3od5tGYSnv
Sun Khosi,Ruby Rushton,Sun Khosi,2020-05-22,236886,33,False,1,0.521,0.511,2,-10.509,1,0.0674,0.595,0.793,0.0761,0.412,108.327,spotify:track:0TFR4fugISTa7kMxqY6JJj
Chrysalis,Ruby Rushton,Sun Khosi,2020-06-19,195758,28,False,2,0.63,0.469,1,-12.516,1,0.0391,0.34,0.833,0.106,0.327,125.404,spotify:track:0QnMlVU9nzsYTirHBw2K0Z
Trance - ReBirth,Javier Santiago,ReBirth - EP,2020-09-18,97790,49,False,6,0.646,0.588,6,-8.693,1,0.322,0.438,0.693,0.141,0.194,90.891,spotify:track:0u19PefWd2fPyhPL7grgq5
Ancestor's Blues,Javier Santiago,ReBirth - EP,2020-09-18,120400,40,False,4,0.684,0.469,9,-9.534,1,0.159,0.83,0.169,0.129,0.506,89.775,spotify:track:1ThFoMvpFdybIqmjNOOqAE
Prelude,Janko Nilovic,Maze of Sounds,2020-11-06,168597,0,False,1,0.747,0.261,9,-13.339,0,0.0361,0.694,0.864,0.184,0.471,92.535,spotify:track:0IS2idVq8YrApjuAfJLwEW
Wavy,Janko Nilovic,Maze of Sounds,2020-11-06,191823,0,False,6,0.548,0.693,5,-10.499,0,0.041,0.0858,0.944,0.0758,0.857,81.469,spotify:track:0W0R48uImgPVVJgb5YTC3I
Love Proceeding - Macroblank Remix,BADBADNOTGOOD,Love Proceeding (Macroblank Remix),2022-12-14,324143,28,False,1,0.539,0.584,6,-8.75,0,0.0398,0.101,0.638,0.0813,0.254,134.033,spotify:track:58C4XgtfeCDVveVJZuuDGG
It Never Ends,Janko Nilovic,Maze of Sounds,2020-11-06,198859,0,False,8,0.674,0.449,9,-9.244,0,0.0536,0.141,0.792,0.07,0.893,94.742,spotify:track:73ReJoa9nc9HXnHIbKI1pA
You Ready,Telemakus,The New Heritage,2021-10-13,184113,26,False,2,0.442,0.609,1,-10.341,1,0.162,0.0785,0.581,0.151,0.424,89.203,spotify:track:2za5XDKEFe8kTOi0w2kPIf
All of This,Telemakus,The New Heritage,2021-10-13,238484,19,False,5,0.424,0.523,4,-11.01,0,0.198,0.192,0.383,0.166,0.588,80.479,spotify:track:5AWUYd6Hy1zS1wyUSOyDN1
Peace,Little Dragon,Opening The Door,2022-09-16,303884,24,False,3,0.567,0.606,1,-12.267,1,0.0364,0.697,0.763,0.0843,0.318,116.008,spotify:track:1uZfIVo26fdEM98FpdmYxw
City Dreams,Telemakus,The New Heritage,2021-10-13,298067,24,False,7,0.578,0.627,10,-10.47,0,0.0683,0.277,0.693,0.158,0.429,79.864,spotify:track:1fFmd1dNthme62J8Kvmkhb
Stoplight,Telemakus,The New Heritage,2021-10-13,124001,26,False,8,0.8,0.42,7,-13.108,1,0.283,0.0739,0.871,0.128,0.727,93.939,spotify:track:7EkcI6nlz0ct7RTYzEsVo6
Greeting To Saud (Brother McCoy Tyner),Pharoah Sanders,Elevation (Live),1973-01-01,247240,29,False,2,0.161,0.361,5,-14.0,0,0.034,0.873,0.465,0.292,0.201,131.759,spotify:track:1qqIjiurhqrgacNG9uWCuG
throwback,Moses Yoofee Trio,throwback,2022-04-08,181745,26,False,1,0.412,0.523,7,-12.93,0,0.0401,0.685,0.928,0.0878,0.297,89.573,spotify:track:3irIiyH7fCXmZQrNJf7ypH
Summer - Live,Yetii,Live at The Greenbank,2022-11-24,372813,1,False,4,0.371,0.0656,0,-25.333,0,0.0396,0.958,0.896,0.628,0.0398,97.743,spotify:track:12y7HK7B16Hsj2LOueJ6jZ
Donny In Valdez,Pale Jay,The Celestial Suite,2021-10-22,174668,52,False,2,0.511,0.543,4,-7.638,0,0.0308,0.382,0.559,0.476,0.602,149.016,spotify:track:2DDotwiQOexZwpf2uH83gC
Dos Uvas,Pale Jay,The Celestial Suite,2021-10-22,209280,58,False,3,0.482,0.698,7,-6.191,0,0.0313,0.0534,0.866,0.134,0.321,76.495,spotify:track:0cr4j4bhchcuO86N9wAvH8
Under The Magnolia Tree,Pale Jay,The Celestial Suite,2021-10-22,187295,67,False,5,0.543,0.699,6,-4.685,0,0.0309,0.315,0.526,0.123,0.557,172.144,spotify:track:3taMsBBraU23lStSSq3QuH
Donny In Valdez - PJ's Flip,Pale Jay,Donny In Valdez (PJ's Flip),2022-05-20,113747,57,False,1,0.445,0.637,0,-9.011,0,0.124,0.463,1.56e-06,0.185,0.763,81.566,spotify:track:1aZ2te6hhXVJOYumYrZkAt
Resilience,The JuJu Exchange,JazzRx: Hope Dose,2022-11-11,156813,0,False,1,0.507,0.525,9,-12.246,1,0.0841,0.139,0.689,0.0889,0.208,105.417,spotify:track:7gtcPqB5XiozK3wMzESKAO
Gualala 2,Mac DeMarco,Five Easy Hot Dogs,2023-01-20,146280,39,False,2,0.556,0.24,7,-20.019,1,0.0578,0.931,0.936,0.121,0.536,168.015,spotify:track:4HttvxXJDIkYzhhS8jFdW9
Portland,Mac DeMarco,Five Easy Hot Dogs,2023-01-20,185080,39,False,4,0.826,0.469,2,-15.118,1,0.0542,0.682,0.823,0.112,0.968,75.487,spotify:track:3dHfG1FAoW7jyx4v1meQho
High,muva of Earth,High,2022-07-27,176611,36,False,1,0.523,0.544,8,-7.607,0,0.143,0.206,0.024,0.125,0.379,167.839,spotify:track:1x5hj8iVP3vGOcO1at3hEV
Chicago 2,Mac DeMarco,Five Easy Hot Dogs,2023-01-20,132320,35,False,13,0.511,0.18,1,-14.739,1,0.142,0.901,0.919,0.104,0.74,49.816,spotify:track:0Uydq1bBE9swRDFkinCcAc
Cosmic Bloom,Dumbo Gets Mad,Thank You Neil,2015-12-04,66065,47,False,9,0.622,0.471,1,-10.281,1,0.0363,0.882,0.846,0.0927,0.421,101.246,spotify:track:1CE6ORhLLyvBopnVdDVf3z
Peace v3,Mr. G,Inner Soul Talkin' EP,2021-08-09,375747,1,False,3,0.583,0.665,0,-11.706,1,0.0365,8.74e-05,0.913,0.0793,0.438,125.982,spotify:track:6dyVulpNR4pdPPiY5xivdn
DiVine Ascension,muva of Earth,DiVine Ascension,2021-08-04,269589,30,False,1,0.697,0.549,9,-11.682,0,0.133,0.584,0.0152,0.179,0.371,146.073,spotify:track:4nm2iwvavAyduOTOqiq8PF
OBiNRiN - IZCO Remix,DIVINEANGEL,OBiNRiN Remixes,2022-10-28,179659,45,False,2,0.736,0.53,1,-8.657,1,0.0572,0.0704,0.384,0.159,0.791,88.0,spotify:track:10y1PJ6s7JVLmFlcvhF8eM
soulboy - IZCO Remix,p-rallel,soulboy (IZCO Remix),2020-08-28,229320,55,False,1,0.624,0.688,6,-4.075,0,0.0431,0.0331,0.00976,0.146,0.558,154.98,spotify:track:3G1YAm52YxIp0jlxalE0hK
FEEL,IZCO,TEK 5,2018-11-16,217058,36,False,2,0.725,0.128,0,-13.729,0,0.187,0.44,0.281,0.149,0.353,136.44,spotify:track:6NjKZDQtEuMySYu4yaZWVA
Can't Get Enough (feat. Rachel Chinouriri & Venna),p-rallel,Can't Get Enough (feat. Rachel Chinouriri & Venna),2022-03-23,197277,43,False,1,0.744,0.559,9,-9.848,0,0.137,0.2,0.0349,0.142,0.463,120.008,spotify:track:7JqYAc8ACWC32Qc6JiQSSi
Believe (feat. Fredwave & Jeshi),p-rallel,Believe (feat. Fredwave & Jeshi),2021-10-29,208439,40,False,1,0.736,0.612,1,-9.645,1,0.104,0.028,0.119,0.138,0.038,124.011,spotify:track:2DLxohwNmcbWktWGVG0dN7
To The Floor,Lil Silva,To The Floor,2022-07-11,189422,29,False,1,0.692,0.672,6,-10.48,0,0.0403,0.0395,0.924,0.0939,0.441,114.008,spotify:track:7huFrzl3tBNxSr8tp6zyDf
Akasha,Nanna.B,Akasha,2022-12-02,232988,15,False,1,0.69,0.56,9,-10.666,1,0.0501,0.306,0.114,0.0773,0.537,139.985,spotify:track:6PbMqf275SPRUxz0LmDe4A
THE zone~,Lil Yachty,Let’s Start Here.,2023-01-27,249685,54,False,6,0.538,0.681,6,-5.603,1,0.0315,0.0122,0.197,0.557,0.462,81.982,spotify:track:2alpVcC9RxRWS1eSMGeAAP
drive ME crazy!,Lil Yachty,Let’s Start Here.,2023-01-27,229804,75,True,8,0.497,0.825,10,-3.621,0,0.0925,0.172,0.00319,0.377,0.44,107.073,spotify:track:6luBKkFUt5wTwz7hpLhp12
Feel Good,slowthai,Feel Good,2023-02-07,124768,38,False,1,0.594,0.893,11,-6.387,0,0.0509,6.29e-05,0.000215,0.185,0.567,156.045,spotify:track:37Q6kTk6hb3nqMCo6KaFln
Cinamin,Calibre,Cinamin / Samba,2023-02-10,451595,8,False,1,0.799,0.833,1,-16.537,0,0.0426,0.0979,0.901,0.0713,0.272,120.995,spotify:track:1GeMq72a04fpuTH1taLqI8
Angel Number 909 - Acidhouse Mix,Mr. Ho,Angel Number 909,2023-02-10,311809,27,False,2,0.775,0.97,11,-8.995,1,0.0628,0.0154,0.884,0.0584,0.967,124.012,spotify:track:7KinsrCi8YFBqp1ZNbJHU6
The Dark Past,St. David,BND Project Vol 3,2022-12-09,391000,14,False,2,0.803,0.95,11,-7.679,0,0.0583,0.00837,0.694,0.0356,0.394,123.98,spotify:track:6WTISkeuw3zeBri5txyi4s
Samba,Calibre,Cinamin / Samba,2023-02-10,443358,9,False,2,0.798,0.408,7,-13.858,1,0.0534,0.0309,0.815,0.0672,0.294,120.007,spotify:track:7tAPVwNmSX5BlHPKU0weAm
Away With Me - Calibre Remix,SpectraSoul,Away With Me,2012-06-17,314269,29,False,3,0.708,0.726,1,-6.054,1,0.071,0.114,0.51,0.104,0.315,173.998,spotify:track:1yYgKlP0pPmGU6Aa5GwAVZ
Even If - Original Mix,Calibre,Even If,2010-11-22,454252,43,False,2,0.459,0.803,7,-8.369,0,0.0438,0.00166,0.522,0.471,0.481,174.991,spotify:track:5nVkaIXaqQtoMX4V1jncdO
I Remember,DRS,I Remember,2023-02-10,345962,24,False,1,0.778,0.662,7,-6.838,1,0.0889,0.0154,0.327,0.0539,0.429,86.508,spotify:track:50XoRFlGUmOq3awHidb9cB
C U R R E N T,Photay,An Offering,2022-10-14,215640,14,False,2,0.222,0.237,2,-14.306,1,0.0368,0.965,0.814,0.0878,0.0778,119.795,spotify:track:7z0f6k5GxatS3T8AioPAkx
Тизита,СОЮЗ,II,2019-05-14,205830,32,True,2,0.494,0.567,5,-11.212,1,0.0278,0.0938,0.882,0.0969,0.888,165.972,spotify:track:2t5KqrNQYrrJBtH3jB4IDZ
Back to you,alici,Back to you,2022-08-05,248250,30,False,1,0.721,0.403,1,-12.091,1,0.0377,0.162,0.408,0.111,0.707,125.923,spotify:track:5JIktP5Tdr1Azs6xAQGssi
Andromeda,Ethel,Andromeda,2022-05-06,123000,0,False,1,0.632,0.615,11,-5.426,1,0.162,0.531,0.0536,0.111,0.507,82.924,spotify:track:7G4KKZXXXwm7HCWTwTLuXU
You Can Be A Star,Luther Davis,Soul Cal,2012-03-27,277000,31,False,1,0.73,0.641,9,-6.16,0,0.0646,0.409,0.00323,0.208,0.802,130.559,spotify:track:4TdV9OY8ijccLcCvxOEU3C
First Light,Ill Considered,Liminal Space,2021-09-10,456653,21,False,1,0.313,0.793,4,-7.431,0,0.0592,0.0367,0.876,0.101,0.539,115.159,spotify:track:7g49aCQEGFGVoNgbS0dik0
Mercury Comet Caliente,Pearl & The Oysters,Canned Music,2018-11-23,158880,0,False,12,0.664,0.412,2,-9.393,0,0.0273,0.648,0.167,0.129,0.374,123.025,spotify:track:2NVeUXTBQ4jnB1ZLNWePwG
Konami,Pearl & The Oysters,Konami,2023-01-31,168786,3,False,1,0.574,0.854,5,-8.312,0,0.0858,0.0199,0.00559,0.18,0.821,173.963,spotify:track:4CJ4WBeEZZVFulKVS6zmqz
Give It All Your Heart,Herbie Hancock,Lite Me Up,1982,460533,18,False,8,0.693,0.504,9,-13.289,1,0.036,0.422,0.0566,0.129,0.927,75.841,spotify:track:1XQMTmRJKK5f8edvdfjhLK
Falling,slowthai,UGLY,2023-03-03,173422,34,True,9,0.298,0.497,2,-6.051,1,0.0346,0.00784,9.8e-06,0.124,0.0911,74.593,spotify:track:2EOZ0kckiYOHzTztbntsPi
Tourniquet,slowthai,UGLY,2023-03-03,227222,34,True,11,0.549,0.473,4,-7.212,1,0.0358,0.141,0.0,0.17,0.0814,125.14,spotify:track:5oPXAqiD2pW56kD7Lqjq7D
Memory,Tara Clerkin Trio,In Spring,2021-10-01,276030,11,False,3,0.359,0.106,5,-23.977,0,0.033,0.958,0.771,0.0905,0.113,60.307,spotify:track:3lQCXHcv86ECT9JPlVCeij
In Spring,Tara Clerkin Trio,In Spring,2021-10-01,306227,11,False,4,0.278,0.248,10,-19.19,0,0.0368,0.874,0.932,0.148,0.125,129.936,spotify:track:1EUt6WUboYry7pOg72r0PW
In Spring,Tara Clerkin Trio,In Spring,2021-10-01,306227,11,False,4,0.278,0.248,10,-19.19,0,0.0368,0.874,0.932,0.148,0.125,129.936,spotify:track:1EUt6WUboYry7pOg72r0PW
In Spring,Tara Clerkin Trio,In Spring,2021-10-01,306227,11,False,4,0.278,0.248,10,-19.19,0,0.0368,0.874,0.932,0.148,0.125,129.936,spotify:track:1EUt6WUboYry7pOg72r0PW
In Spring,Tara Clerkin Trio,In Spring,2021-10-01,306227,11,False,4,0.278,0.248,10,-19.19,0,0.0368,0.874,0.932,0.148,0.125,129.936,spotify:track:1EUt6WUboYry7pOg72r0PW
Exquisite Corpse 1,Tara Clerkin Trio,Exquisite Corpse 1,2022-08-03,573723,8,False,1,0.274,0.45,7,-11.703,1,0.061,0.654,0.668,0.101,0.233,183.818,spotify:track:29r2jdYs7lylrlfPOPrUCx
HAPPY,slowthai,UGLY,2023-03-03,182715,38,True,7,0.602,0.925,3,-5.184,0,0.278,0.0487,0.0,0.117,0.65,142.078,spotify:track:0LsWFs0SKG3mqWw8QBoT9y
City Limits - Robert Hood Remix,Mount Kimbie,City Limits (Robert Hood Remix),2023-03-08,419383,16,False,1,0.666,0.724,10,-10.895,0,0.0559,0.257,0.918,0.0932,0.0778,131.036,spotify:track:5ZLuggSCBLcAlQZY565lLW
Nothing Left To Lose,Everything But The Girl,Nothing Left To Lose,2023-01-10,224760,37,False,1,0.77,0.583,1,-10.138,1,0.0768,0.108,0.016,0.0548,0.833,128.0,spotify:track:02zPsXmSUP6Rr1Z2w5KMpf
Blue Room,E. Lundquist,Multiple Images,2022-04-22,269482,3,False,11,0.673,0.547,11,-7.893,0,0.0311,0.036,0.675,0.107,0.491,129.998,spotify:track:0JYgBakVodKoL3BBISKPJa
最後の楽園,Haruomi Hosono,PACIFIC,1978,243000,46,False,1,0.566,0.487,5,-11.987,1,0.033,0.634,0.959,0.195,0.285,80.505,spotify:track:3Q59MwvTzZveZTNunIQY1x
Self Love,MAVI,Let the Sun Talk,2019-10-18,307687,1,True,4,0.525,0.712,5,-7.012,0,0.206,0.679,0.0,0.303,0.55,72.91,spotify:track:5lZ6f9AO0OrwsdFyQAfKqV
J Buyers - Acoustic Version,Dorian Concept,The Jitters,2020-09-25,130612,35,False,5,0.332,0.254,6,-14.744,1,0.0344,0.926,0.929,0.108,0.378,122.933,spotify:track:3rogB3pVSeeWNTgxBErDlO
SR20DET,Blksmiith,「DIGITAL TWIN」,2022-01-14,278250,37,False,7,0.275,0.888,4,-7.229,1,0.0399,0.0003,0.953,0.256,0.0391,112.534,spotify:track:3fEkeE0XSS4aUAuxZohaPV
End Of The World,Hether,Covered In Hether,2023-03-17,160675,41,False,2,0.612,0.175,11,-16.338,0,0.0323,0.97,0.00176,0.131,0.239,95.86,spotify:track:5fayurvS00m3T7fcXBkb7e
Sad Song,Hether,Covered In Hether,2023-03-17,206578,27,False,8,0.658,0.31,2,-14.72,1,0.0342,0.874,0.635,0.147,0.402,77.352,spotify:track:0Dbt66O7sFTr8L6HFlcpp1
Alegría - Yuksek Remix,Elia y Elizabeth,Alegría (Yuksek Remix) - Single,2020-10-02,258235,52,False,1,0.838,0.719,4,-8.831,1,0.0949,0.00845,0.00522,0.0377,0.86,111.021,spotify:track:5Ly9lKxeE9YMVwQj52dpfo
Love and Death,Ebo Taylor,Love & Death,2010-10-25,415090,47,False,3,0.741,0.896,0,-7.208,1,0.0502,0.135,0.461,0.12,0.871,102.453,spotify:track:2EdcEOJf2V8xMOTO7q2gCN
Saana,Ebo Taylor,Ebo Taylor,1978,349146,33,False,1,0.689,0.758,0,-6.601,1,0.0557,0.613,0.18,0.104,0.825,108.438,spotify:track:2ULAGskxuv9oRp88TAG3JX
Atwer Abroba,Ebo Taylor,Life Stories,1977,492339,37,False,1,0.723,0.883,5,-6.595,0,0.0645,0.24,0.304,0.0951,0.847,109.533,spotify:track:4P7wLOCCB1kcjzA9gqKt1V
Runner Up,Okonski,By The Lake / Runner Up,2023-04-04,337643,22,False,2,0.602,0.306,2,-13.155,0,0.0735,0.623,0.955,0.163,0.271,66.653,spotify:track:43ozGvFRYbgl1YhNGPfrRN
Long Time - Intro,Playboi Carti,Die Lit,2018-05-11,211773,73,True,1,0.472,0.861,4,-3.966,0,0.0447,0.283,0.0,0.83,0.358,144.077,spotify:track:4IO2X2YoXoUMv0M2rwomLC
For Granted,Yaeji,For Granted,2023-01-17,161946,43,False,1,0.722,0.613,0,-8.394,1,0.0411,0.119,0.083,0.112,0.398,92.495,spotify:track:61h5rJ790Vov9ks2Vut5mo
Love Hurts (feat. Travis Scott),Playboi Carti,Die Lit,2018-05-11,180560,67,True,5,0.724,0.45,4,-5.763,0,0.0497,0.0315,1.42e-05,0.111,0.464,140.978,spotify:track:3K6U7TamNyVSWcFH8pCQHX
Poke It Out (with Nicki Minaj),Playboi Carti,Die Lit,2018-05-11,269813,60,True,8,0.894,0.59,9,-5.716,1,0.221,0.0969,8.9e-06,0.329,0.576,147.009,spotify:track:2rPSFKzGeqUWwfcCFVkkq3
Piani,Jo Tongo,Jo Tongo,2015-05-05,276562,17,False,5,0.706,0.766,9,-7.517,0,0.0453,0.237,0.00402,0.196,0.821,119.243,spotify:track:7nSnbEFiLovMXiW7aBTi51
Latin Strut,Esperanto,"Black Feeling, Vol. 3 (Sampler)",2015-08-28,291213,5,False,2,0.601,0.849,7,-8.345,0,0.0359,0.00127,0.862,0.157,0.801,131.971,spotify:track:3aM05Ta8AP8kikVfbmL5HM
Jackie Down The Line,Fontaines D.C.,Skinty Fia,2022-04-22,241093,62,False,4,0.547,0.88,7,-4.562,1,0.0442,0.0102,0.0,0.0884,0.44,134.981,spotify:track:3ITvhrRB5TlEks19k9qy2k
I Love You,Fontaines D.C.,Skinty Fia,2022-04-22,305800,64,True,9,0.633,0.771,4,-7.207,0,0.0319,0.089,0.0,0.0679,0.375,114.032,spotify:track:4N8idxy0W2GDaEosAwPOMg
Welcome 2 Leather Boulevard,B. Cool-Aid,Leather Blvd.,2023-03-31,173849,25,True,1,0.407,0.519,1,-13.199,0,0.0631,0.0235,0.000114,0.13,0.225,119.702,spotify:track:0dHfreHFwUwhLvx5kCcqOQ
Diamonds,B. Cool-Aid,Leather Blvd.,2023-03-31,188496,26,True,3,0.6,0.41,8,-12.147,1,0.317,0.0865,0.00541,0.121,0.255,97.001,spotify:track:20tMFzQngWtXPNVUSI0XhU
soundgood,B. Cool-Aid,Leather Blvd.,2023-03-31,163323,46,True,5,0.755,0.476,2,-8.505,1,0.0306,0.0967,0.0235,0.129,0.595,82.022,spotify:track:798CdilHgi0FdJmhWH4Hqv
If u can See Me ( 4U ),B. Cool-Aid,Leather Blvd.,2023-03-31,117358,29,True,7,0.769,0.45,7,-8.567,1,0.233,0.16,0.00117,0.801,0.632,91.97,spotify:track:6vlElI0I5raAFIE4CLA6Dm
“CRAXY”’!,B. Cool-Aid,Leather Blvd.,2023-03-31,253328,17,True,11,0.42,0.868,2,-8.686,1,0.322,0.0139,0.00115,0.451,0.598,218.036,spotify:track:2BetLUzFFEtvYaLnpVkgkV
Try Me,Jorja Smith,Try Me,2023-04-13,213933,46,False,1,0.701,0.575,6,-6.941,0,0.0751,0.119,0.00133,0.135,0.634,105.093,spotify:track:3htVhQPsTXWAkAXYRkfRSz
The Best Things In Life Are Free - Live,Sam Cooke,"Sam Cooke At The Copa (Live From Copacabana, New York City/July 7 & 8, 1964)",1964-01-01,91866,40,False,2,0.603,0.693,1,-7.832,1,0.425,0.16,0.0,0.315,0.795,136.507,spotify:track:6jF3FFsAvliEqH0mWrkOla
Melodicamente - Afronaut Remix,Don Pascal,The Mindelo Experiment,2022-11-11,306885,7,False,7,0.437,0.602,11,-6.552,0,0.224,0.000112,0.93,0.0446,0.503,182.504,spotify:track:38eM3TKP0qrEWibahDeizX
Summer Nights,Lonnie Liston Smith,Visions of a New World,1975-01-01,305613,43,False,8,0.532,0.396,5,-11.835,0,0.0287,0.41,0.00104,0.0948,0.381,106.158,spotify:track:6UafismKR6D8PCFrWn93ND
Afro-Bruk,Don Pascal,The Mindelo Experiment,2022-11-11,216961,1,False,6,0.754,0.757,4,-8.209,0,0.0474,0.00124,0.834,0.0931,0.647,125.019,spotify:track:7LCJpqmNrk5v8aaEV755YY
For Your Love - Kamma & Masalo Radio Mix,Discotheque,For Your Love (Kamma & Masalo Radio Mix),2022-10-28,243933,28,False,1,0.686,0.893,0,-10.174,1,0.0441,0.145,0.596,0.291,0.957,137.317,spotify:track:1vtWCEGbHaafRuxt7JoGvw
Passa Sab - Evm128 Remix,Don Pascal,The Mindelo Experiment,2022-11-11,303750,1,False,8,0.789,0.885,7,-7.245,1,0.148,0.0298,0.801,0.0483,0.807,127.998,spotify:track:0KK2bY7Oz4GfppIMXvEjFO
Cape Verdean Bruk - Haze City Remix,Don Pascal,The Mindelo Experiment,2022-11-11,231500,2,False,9,0.796,0.759,2,-7.598,1,0.048,0.000135,0.858,0.107,0.353,127.012,spotify:track:2DfynRddBgL4bBlIB2s1GV
Melodicamente - Karmasound Remix,Don Pascal,The Mindelo Experiment,2022-11-11,329000,0,False,10,0.857,0.711,11,-8.029,0,0.145,0.0436,0.772,0.0511,0.707,125.036,spotify:track:61YDTCpcZ2wogSBBXvIVOU
Sao Vincente,Don Pascal,The Mindelo Experiment,2022-11-11,198361,1,False,12,0.569,0.985,11,-9.508,0,0.0575,0.0284,0.837,0.235,0.296,119.899,spotify:track:3CFyNhPaNBl8psXDlJlGri
Cape Verdean Bruk - Cape Verd 'n' Bass Remix,Don Pascal,The Mindelo Experiment,2022-11-11,344470,2,False,14,0.687,0.871,2,-5.688,1,0.0677,0.0695,0.868,0.0736,0.501,170.028,spotify:track:6bkoEnlvdqlBFymRuQUANO
Expansions,Lonnie Liston Smith,Expansions,1975-01-01,366866,45,False,1,0.537,0.694,5,-12.195,0,0.0509,0.114,0.0879,0.346,0.924,126.808,spotify:track:1DoWUjcc5sqpRioFPioogU
Bns,Standing On The Corner,Standing on the Corner,2017-09-29,184794,34,True,1,0.436,0.585,5,-8.871,0,0.0516,0.505,0.000587,0.491,0.236,99.661,spotify:track:29w2eN6ZMRZ50t4Eh7iRGy
Genesis,Grimes,Visions,2012-03-12,255320,73,False,2,0.611,0.677,10,-6.745,0,0.034,0.0764,0.0698,0.241,0.233,166.04,spotify:track:0yljUudXzjVcGEoYmLB17X
Love - Skin On Skin Remix,SWIM,Love (Remixes),2021-04-27,370135,35,False,3,0.738,0.653,9,-7.541,1,0.0351,0.197,0.776,0.112,0.546,136.003,spotify:track:0xDWTpiDosHMLkfHEl7Tgs
Your Love,Future Utopia,Your Love,2023-03-31,193893,26,False,1,0.727,0.759,5,-7.114,0,0.0455,0.373,0.843,0.106,0.63,113.03,spotify:track:1ZvUKEzJM4s4LyPhj70oaP
We Were We Still Are,Future Utopia,Your Love,2023-03-31,177920,14,False,2,0.639,0.936,10,-5.917,0,0.0333,0.00316,0.756,0.198,0.762,114.034,spotify:track:2EtpyFXmMkcgEnTgdts5FW
Seaforth,King Krule,Seaforth,2023-04-13,245933,38,False,1,0.472,0.487,7,-12.763,1,0.0384,0.0829,0.642,0.255,0.338,199.998,spotify:track:0ws8eQLYkwVWWw6oizEtmy
DONTLEAVEMYSIDE,Ray Laurél,DONTLEAVEMYSIDE,2023-04-12,126965,24,False,1,0.628,0.603,1,-5.521,1,0.232,0.0297,0.0,0.0855,0.73,160.271,spotify:track:5dx52a9oh4Vm7XbkqCn7Dq
Sex,DjRUM,Portrait with Firewood,2018-08-17,507368,26,False,5,0.614,0.866,6,-9.781,0,0.041,0.00338,0.899,0.116,0.0523,132.983,spotify:track:5g1PPfVJKxaTweGxJhgnue
4EVA (feat. Pharrell Williams),KAYTRAMINÉ,4EVA (feat. Pharrell Williams),2023-04-07,190373,56,True,1,0.83,0.695,6,-9.445,0,0.0716,0.0248,0.0755,0.0573,0.536,112.046,spotify:track:3CblJq8QQQ0bb7vwJu8c3v
Música Maravilha,Sandra De Sá,Sandra de Sá - 1982,1982-01-01,193893,22,False,2,0.685,0.708,1,-8.783,0,0.101,0.137,6.66e-05,0.0767,0.654,125.622,spotify:track:0CpEiXnA9K1ZrqbdRqqwnH
Areyousure?,Yoofee,Shouts 2022,2022-12-02,240453,3,False,1,0.767,0.814,11,-9.533,0,0.0698,0.00842,0.881,0.0773,0.44,129.978,spotify:track:0pG3NBFnQjHISlyOkxuNhM
Junglizer,Jurango,Shouts 2022,2022-12-02,273133,1,False,19,0.831,0.924,4,-5.251,0,0.104,0.00349,0.447,0.15,0.288,127.989,spotify:track:3M8urJTBcDSzO6HAin0UgF
Got 2 (Let It Go),Fiyahdred,Shouts 2022,2022-12-02,298066,2,False,3,0.674,0.877,7,-5.725,1,0.0487,0.0608,0.465,0.0921,0.77,128.989,spotify:track:4CR6X5TsOA9CwF6SsoH1kE
Like Mine,billy2chips,Shouts 2022,2022-12-02,244040,1,False,4,0.794,0.906,1,-8.067,1,0.0637,7.76e-05,0.91,0.0366,0.489,134.005,spotify:track:3DlOxDqZD9ygneX0oM7Esp
Flow State,Stephen Howe,Shouts 2022,2022-12-02,385453,1,False,20,0.793,0.878,3,-8.896,1,0.059,0.036,0.775,0.0932,0.606,131.013,spotify:track:47fj7LQinJV2YfbA4fCAKB
Mild Life Crisis,Eoin DJ,Shouts 2022,2022-12-02,307146,0,False,21,0.753,0.87,7,-8.179,1,0.0556,0.00111,0.864,0.0222,0.75,139.996,spotify:track:251zr8SDdX1H5hDNWSIAxq
Rain Dance,Manami,Shouts 2022,2022-12-02,319133,0,False,22,0.705,0.98,8,-6.007,1,0.0499,0.00206,0.816,0.124,0.553,133.003,spotify:track:7k6yGK57LDYWWE7oZJHCkM
Theirs13,JGrrey,Theirs13,2023-01-18,124137,31,False,1,0.602,0.579,5,-8.023,0,0.0492,0.283,0.0177,0.0909,0.47,87.018,spotify:track:63kj5bCib1ovmtty6OllEt
Theirs13,JGrrey,Theirs13,2023-01-18,124137,31,False,1,0.602,0.579,5,-8.023,0,0.0492,0.283,0.0177,0.0909,0.47,87.018,spotify:track:63kj5bCib1ovmtty6OllEt
Theirs13,JGrrey,Theirs13,2023-01-18,124137,31,False,1,0.602,0.579,5,-8.023,0,0.0492,0.283,0.0177,0.0909,0.47,87.018,spotify:track:63kj5bCib1ovmtty6OllEt
Theirs13,JGrrey,Theirs13,2023-01-18,124137,31,False,1,0.602,0.579,5,-8.023,0,0.0492,0.283,0.0177,0.0909,0.47,87.018,spotify:track:63kj5bCib1ovmtty6OllEt
Broccoli Break,Suff Daddy,Basically Sober,2022-02-25,79636,19,False,12,0.921,0.272,5,-11.044,0,0.405,0.0388,0.0971,0.104,0.506,110.025,spotify:track:5j8kEnblX3V0w92smQVoSb
No Older,IZCO,No Older,2022-09-02,135238,27,False,1,0.761,0.813,7,-5.948,1,0.141,0.636,0.0116,0.288,0.736,126.403,spotify:track:2EUkXTl3qJO6osQ3kLuJBQ
Figures,Gaidaa,Figures,2022-10-13,152590,42,False,1,0.79,0.369,1,-15.413,1,0.0673,0.00638,2.5e-06,0.113,0.484,103.995,spotify:track:7zEeY9dw8wpTrxn4Ll26bu
Borderline,Alfa Mist,Variables,2023-04-21,122826,36,True,2,0.612,0.467,9,-17.378,0,0.151,0.168,0.57,0.106,0.314,92.964,spotify:track:16Yyq9Hi2v4ZNL8NGNCSUG
Archetype,Joe Armon-Jones,Archetype,2023-04-05,317159,16,False,1,0.615,0.783,10,-6.764,0,0.195,0.0231,0.252,0.358,0.553,129.461,spotify:track:6rqpQW6qCRaz9rhzRCYZ7b
Three Drums,Four Tet,Three Drums,2023-04-26,495858,41,False,1,0.169,0.44,0,-10.385,1,0.0277,0.149,0.169,0.126,0.113,95.896,spotify:track:2FRIWWs5xxPoQrk5pMmsQN
Tasty,DaniLeigh,Tasty,2023-04-28,150799,46,True,1,0.655,0.554,11,-8.619,0,0.346,0.0224,1.09e-06,0.108,0.687,72.101,spotify:track:6lSwB0f2MN7uhJT7q4dRvS
For Granted (feat. Arin Ray),Dinner Party,Enigmatic Society,2023-04-14,172000,42,False,5,0.774,0.613,11,-8.713,0,0.0607,0.147,0.00757,0.328,0.344,95.011,spotify:track:39RJfDkli3BkEsW6LN4DrZ
Can't Go (feat. Phoelix),Dinner Party,Enigmatic Society,2023-04-14,164693,35,False,7,0.728,0.636,8,-8.551,0,0.0462,0.00841,0.712,0.291,0.604,90.3,spotify:track:0TuuzZDwssPfVQvgubXsYV
I Wish I Knew How It Would Feel to Be Free,Nina Simone,Silk & Soul (Expanded Edition),1967,188613,63,False,6,0.687,0.51,10,-8.501,1,0.076,0.745,0.0,0.117,0.666,122.253,spotify:track:5CKHhg31HcYYhwUeeGqvhq
Fireworks,Drake,Thank Me Later (Int'l Version),2010-01-01,313266,47,True,1,0.56,0.758,0,-6.472,1,0.345,0.428,0.0,0.162,0.521,90.52,spotify:track:4pUUhsc8fmZqnsPaOSU5CP
Honey Dove,Lee Fields & The Expressions,My World,2009-06-02,246573,48,False,3,0.487,0.497,4,-5.776,0,0.064,0.124,0.167,0.109,0.195,160.317,spotify:track:1emxi7e5EWFsJmwSKTuUDH
Sea Glass,Yazmin Lacey,Voice Notes,2023-03-03,370946,28,False,14,0.396,0.215,11,-16.53,0,0.0318,0.912,0.373,0.129,0.155,91.258,spotify:track:4ksIh1HrWcU4sQZeH9SOLs
I Want You Around,Snoh Aalegra,"- Ugh, those feels again",2019-08-16,212787,68,True,2,0.705,0.432,4,-9.7,1,0.205,0.381,0.133,0.0841,0.599,168.005,spotify:track:2gjidmxtA1pyj2HYrdOTG1
SMOKE W U,MXXWLL,SHEEESH,2020-05-22,68699,44,False,16,0.892,0.211,10,-7.163,1,0.256,0.0729,0.00028,0.353,0.744,82.542,spotify:track:0idIFv8uHY1Z2Wac5y47mv
Stokes Croft Sleep Clinic,Snazzback,Ruins Everything,2023-05-19,287426,24,False,5,0.551,0.654,6,-7.191,0,0.0628,0.681,0.533,0.0823,0.531,95.993,spotify:track:2Rs2UIUXmCNREHzEKJD6zW
"Follow The Earworm, Pt. 3",Move 78,"Follow The Earworm, Pt. 3",2023-05-26,199298,31,False,1,0.611,0.497,5,-12.776,0,0.0274,0.595,0.606,0.197,0.57,171.058,spotify:track:4GbM9p0WImO9Z84fk2QVfs
Devotion,Arlo Parks,My Soft Machine,2023-05-26,165759,39,False,3,0.462,0.704,3,-6.763,0,0.0524,0.0188,0.0164,0.23,0.387,168.011,spotify:track:5IcivgTMTJQFxh0ug2sg65
Sprinter,Dave,Sprinter,2023-06-01,229133,84,True,1,0.918,0.681,1,-4.705,1,0.201,0.263,0.0,0.0615,0.706,139.057,spotify:track:2FDTHlrBguDzQkp7PVj16Q
On & On (Again) - VIP,Confidence Man,On & On (Again) [VIP],2023-05-25,336149,17,False,1,0.692,0.922,7,-7.317,1,0.038,1.88e-05,0.856,0.355,0.513,133.992,spotify:track:3BetVdNjarWLgkQkqoEG1U
"Little heartbeat,",NEIL FRANCES,There is no Neil Frances,2022-01-28,227099,42,False,1,0.863,0.446,1,-13.347,0,0.0623,0.597,0.84,0.197,0.412,105.01,spotify:track:4V5xLe2NmHudPWyUabHJ0J
Sunnyside Up,Jazzbois,Sunnyside Up,2023-06-09,99469,40,False,1,0.734,0.31,8,-10.782,1,0.189,0.336,0.829,0.196,0.754,87.342,spotify:track:62OHzHbHoWgLCJQI7tliaS
It's like a dream,NEIL FRANCES,There is no Neil Frances,2022-01-28,187506,60,False,7,0.802,0.53,7,-9.104,0,0.0516,0.437,0.754,0.0824,0.893,119.954,spotify:track:6EJk6D8XbJsr6GjZp1XVT5
"in the starlight,",NEIL FRANCES,There is no Neil Frances,2022-01-28,125454,43,False,10,0.856,0.496,5,-12.014,1,0.0338,0.471,0.899,0.0933,0.831,109.999,spotify:track:1KHGLG3kUdDJ9dRzC2MCb3
Nomad,Σtella,Up and Away,2022-06-17,224448,50,False,2,0.557,0.453,9,-10.129,0,0.0307,0.599,0.455,0.12,0.338,77.019,spotify:track:68wrmZ8GgYlidAhERxI0Bz
Charmed,Σtella,Up and Away,2022-06-17,158359,74,False,4,0.782,0.359,11,-9.088,1,0.0302,0.417,0.0237,0.203,0.793,98.996,spotify:track:6DYLWAdxEJvwWmT7EkeDkX
Carnaval Soca - Antal Edit,Daniel Dimbas,La Differencia - Antal & Palms Trax Edits,2019-12-06,310449,0,False,1,0.613,0.748,5,-9.225,1,0.0542,0.0888,0.102,0.354,0.939,132.738,spotify:track:0nku8OHBKO0R5c9zIE0ZJ7
Honey - Dub,Younger Than Me,Honey,2016-04-07,403728,3,False,2,0.791,0.699,1,-11.489,1,0.0644,0.000524,0.845,0.0944,0.0942,118.004,spotify:track:5vMavMIC5qNAKQj5beQTnG
Rhythm - Young Marco Fix,Hot Slot Machine,Presents: Dance Forever,2018-08-27,448281,22,False,2,0.798,0.611,10,-9.482,0,0.0416,0.00314,0.881,0.032,0.528,113.755,spotify:track:0ec2JRsC9ltaEdM1SdMC8a
Love & Happiness (Yemaya Y Ochùn) [feat. India] - Dream Sequence,River Ocean,Love & Happiness (feat. India),1994-01-01,259200,0,False,2,0.558,0.581,2,-6.43,0,0.0319,0.0517,0.00579,0.0869,0.332,124.018,spotify:track:2EeAQUFOQXqYwGWhot4B7F
Rain,lordkez,Rain,2020-09-04,264000,31,False,1,0.892,0.599,11,-6.327,0,0.148,0.315,0.0621,0.727,0.464,120.053,spotify:track:74hFoPjhWZgXPPPmLDPpNh
Off Wiv Ya Headz,Nia Archives,Off Wiv Ya Headz,2023-06-09,206694,54,False,1,0.314,0.987,8,-2.759,0,0.199,0.0114,0.634,0.519,0.311,164.948,spotify:track:29LpCEcWnk9lFfzR2o3YVW
Backyard,Dre'es,HOME,2023-03-03,181998,10,True,2,0.456,0.724,7,-9.245,1,0.105,0.409,0.0,0.202,0.873,153.087,spotify:track:1ssksyInqVgyYngVbAU4oI
Motor Spirit,King Gizzard & The Lizard Wizard,"PetroDragonic Apocalypse; or, Dawn of Eternal Night: An Annihilation of Planet Earth and the Beginning of Merciless Damnation",2023-06-16,512898,51,True,1,0.314,0.953,4,-6.724,1,0.124,0.000986,0.0418,0.445,0.233,106.438,spotify:track:4HAkFNSjf5edeuY839m1RD
"Jimmy, Renda-Se",Tom Zé,Tom Zé,1970,221213,20,False,7,0.578,0.664,11,-11.8,0,0.103,0.14,4.6e-06,0.128,0.267,105.377,spotify:track:7mnmkNtSUpTAtI0PZFJWMo
Eternal,Hypaphonik,Altair,2022-03-25,411282,17,False,1,0.747,0.837,0,-12.254,0,0.0404,0.000707,0.906,0.268,0.118,117.007,spotify:track:3EmoqLofuFmcfDyGsfV5zT
Summer Madness,Kool & The Gang,Light Of Worlds,1974-09,257866,52,False,8,0.303,0.332,6,-16.471,0,0.032,0.00859,0.864,0.0654,0.41,175.85,spotify:track:5BxHfyGk49gqbg5BdW6FO4
Money - Kaidi Tatham Remix,Cody Currie,Money (Kaidi Tatham Remix),2023-03-13,227642,28,False,1,0.819,0.79,10,-7.822,0,0.0531,0.102,0.678,0.205,0.927,119.986,spotify:track:21OuAHMbZVnrSQme2RBuhI
Fricassee,Kaidi Tatham,Fricassee / The Only Way,2023-06-19,305584,5,False,1,0.812,0.702,1,-6.328,0,0.041,0.0886,0.862,0.063,0.522,119.063,spotify:track:0fmnd0kwtQXXm5zbjAw1wO
Lime Green Skies,Energy Exchange Ensemble,Lime Green Skies,2023-06-15,409844,19,False,1,0.645,0.942,1,-9.581,1,0.0469,0.117,0.879,0.0855,0.712,126.977,spotify:track:54XaIvn3IjlHZv1bVnrEJn
I Am The Black Gold Of The Sun - 4 Hero Remix,Nuyorican Soul,Clubbed To Death,2015-10-09,507760,28,False,10,0.423,0.638,8,-7.211,0,0.0387,0.168,0.664,0.141,0.314,114.045,spotify:track:0qZctuvYFQHOjtKSTlJpbE
Take off Your Clothes and Feel the Setting Sun,Wolfgang Dauner,The Oimels,2015-07-17,241013,25,False,2,0.473,0.447,3,-12.473,1,0.0435,0.545,6.85e-05,0.211,0.634,140.742,spotify:track:3Q8622AqGJt32HXSomCh7Q
I Can Say To You [Feat. Vanisha Gould] - Single Edit,Butcher Brown,I Can Say To You [Feat. Vanisha Gould],2023-06-13,217984,31,False,1,0.665,0.662,6,-9.842,0,0.462,0.554,0.00109,0.104,0.562,94.192,spotify:track:77QJgfFBYZQU0zXByezYGs
Blackbox Life Recorder 21f,Aphex Twin,Blackbox Life Recorder 21f,2023-06-21,266558,42,False,1,0.611,0.606,6,-14.231,1,0.0513,0.0913,0.904,0.0801,0.496,134.02,spotify:track:55q5FJy2MagUgplPVB0tjD
Forget Me Not,Say She She,Forget Me Not,2022-02-08,235791,37,False,1,0.779,0.642,5,-7.554,0,0.0484,0.21,0.126,0.0804,0.961,101.367,spotify:track:4GGy6xG1PIp1RXUNC2Tea3
Those Good Times,Kokoroko,Could We Be More,2022-08-05,253946,36,False,8,0.554,0.584,11,-10.301,1,0.0404,0.395,0.00675,0.213,0.516,85.673,spotify:track:0bC1l5BKvmASdvqoLTCbJE
Ekobah - Dub Reprise,Franck Roger,Ekobah,2020-11-06,401923,2,False,2,0.697,0.864,8,-10.315,1,0.039,0.000105,0.954,0.105,0.795,126.007,spotify:track:19t67MTvP5HLk0Ni6C2aaE
I Am The Black Gold Of The Sun,Nuyorican Soul,Nuyorican Soul,1997-01-01,319733,42,False,2,0.639,0.685,6,-10.99,1,0.0466,0.0178,0.515,0.0727,0.806,86.958,spotify:track:7jcMYtdnWiVWaCatYBAVqc
DOOLALLY,Hak Baker,Worlds End FM,2023-06-09,202493,36,True,2,0.667,0.92,9,-5.373,1,0.209,0.05,0.0,0.315,0.78,129.807,spotify:track:5C8EA3slynaIYe65TGltEg
Telephones 4 Eyes,Hak Baker,Worlds End FM,2023-06-09,189680,30,True,10,0.559,0.888,9,-4.834,0,0.183,0.0572,0.0,0.75,0.565,158.253,spotify:track:6jBVyToV2Mo3db0zAQMWBx
Almost Lost London,Hak Baker,Worlds End FM,2023-06-09,205133,18,False,15,0.266,0.412,8,-10.349,1,0.0313,0.85,0.00165,0.111,0.262,143.156,spotify:track:10whBIDUYk8Mg60DyvM1nj
The End of the World,Hak Baker,Worlds End FM,2023-06-09,402266,18,True,16,0.433,0.352,2,-14.346,1,0.471,0.948,0.0734,0.124,0.531,200.323,spotify:track:45HSB9FopItmqCIBQtkc1C
Ikigai,Joe Armon-Jones,Archetype,2023-06-09,299816,15,False,6,0.797,0.535,7,-6.261,0,0.0615,0.133,0.708,0.149,0.227,117.015,spotify:track:6SVYuIUiO0r43UEAwdl1he
Rago’s Garage,Joe Armon-Jones,Archetype,2023-06-09,225000,15,False,10,0.482,0.654,2,-6.849,1,0.152,0.0708,0.637,0.376,0.504,139.659,spotify:track:4V0wFD9dLUF9VbNNRjN9r4
Adrenaline/Oxygen,Joe Armon-Jones,Archetype,2023-06-09,548741,10,False,12,0.734,0.762,11,-9.012,0,0.0705,0.0119,0.883,0.341,0.589,131.999,spotify:track:1bM5100p44HuvJkfVcUNJg
Mates,John Carroll Kirby,Blowout,2023-06-30,297680,30,False,2,0.879,0.636,1,-6.48,1,0.0529,0.0534,0.492,0.0915,0.984,108.017,spotify:track:5J3Lj4W83S8iS3VRnnVOmo
Halfway House,Mike Collins,Lost Tapes 1983-1989,2017-02-03,297594,2,False,3,0.542,0.649,2,-11.565,1,0.0721,0.0282,0.906,0.0412,0.889,122.877,spotify:track:2LGH8xc9IkIX7Ny9PmCCDM
Wild Animals,Liv.e,Girl In The Half Pearl,2023-02-10,215813,41,True,11,0.672,0.514,5,-8.916,0,0.03,0.103,0.00013,0.0991,0.549,98.035,spotify:track:4JiLpvvnPiQtsf4izF1SQ5
Tezeta,Time Wharp,Spiro World,2022-06-17,366300,0,False,6,0.155,0.183,0,-14.769,1,0.0362,0.921,0.921,0.113,0.0388,73.882,spotify:track:78nbLpzdBdBdxZjbHr8UKZ
Birdy Bell - Nick León Remix,SUCHI,Birdy Bell (Nick León Remix),2023-06-13,323650,9,False,1,0.773,0.687,5,-6.971,0,0.0424,0.00234,0.871,0.0537,0.247,136.011,spotify:track:0QhAGPBjSoo5IkY100tKtA
Dash It,Mantra,FR016,2023-07-07,331745,11,False,2,0.664,0.993,1,-7.405,0,0.0726,0.0124,0.677,0.095,0.815,165.039,spotify:track:6sBswkktTcfAGQcaGKKTVb
Dreamer,Kiefer,Dreamer,2023-07-11,277297,20,False,1,0.536,0.397,7,-10.293,1,0.0587,0.295,0.852,0.0919,0.746,194.186,spotify:track:4qKrjXMsLzS5tcqfTcZA0Y
heaven hear me above,muva of Earth,heaven hear me above,2023-07-03,352680,31,False,1,0.412,0.284,0,-9.644,0,0.0375,0.9,0.00487,0.148,0.198,108.283,spotify:track:5xwvNDT2F9OYorl0QNrLgK
Point Me 2 (with Cardi B),FendiDa Rappa,Point Me 2 (with Cardi B),2023-07-07,225492,59,True,1,0.773,0.607,10,-6.768,0,0.382,0.0354,0.0,0.111,0.279,155.026,spotify:track:69ZBK01gsgWUnA55BEaAPu
"Wit Da Racks (feat. 21 Savage, Travis Scott & Yak Gotti)",Young Thug,BUSINESS IS BUSINESS,2023-06-23,226413,56,True,5,0.766,0.699,4,-7.214,0,0.299,0.00296,0.0,0.29,0.36,144.974,spotify:track:0r75DNlHu4recmKUdZeMfG
F.N.F. (Let's Go),Hitkidd,F.N.F. (Let's Go),2022-05-03,137579,59,True,1,0.864,0.476,1,-10.068,1,0.436,0.0374,0.0,0.374,0.647,157.144,spotify:track:1vrFJDrysqmsNAgyjBzx4f
Our 25th Birthday,Dave,Split Decision,2023-06-04,307973,62,True,3,0.592,0.545,0,-7.695,0,0.499,0.685,0.0,0.112,0.688,87.865,spotify:track:00ZQQArUJReFfsMnl8dIgd
Masculine (feat. Burna Boy),J Hus,Beautiful And Brutal Yard,2023-07-14,204880,59,True,7,0.675,0.66,7,-5.977,1,0.291,0.179,2.01e-05,0.127,0.713,66.98,spotify:track:4M6yrN4rJUrwNgHzGKfrN1
I Just Want to Dance,SAULT,Untitled (Rise),2020-09-18,261146,33,False,4,0.693,0.786,1,-6.893,1,0.052,0.00182,0.178,0.055,0.584,125.034,spotify:track:0kA0GzXlFvpOh0JEI3B5cp
Traverse,Batu,Traverse,2023-04-26,327946,15,False,1,0.676,0.632,0,-11.958,1,0.0544,0.0273,0.926,0.169,0.314,128.015,spotify:track:5zHGqhBj1ERLcGY2EI0oC5
Fairy Liquor,Yushh,To Illustrate,2022-11-25,279500,18,False,10,0.669,0.623,11,-8.297,0,0.088,0.0251,0.798,0.0848,0.0423,195.979,spotify:track:75RHiIbIDGjPw8r8kLA0hz
Sugarushhh,Overmono,Good Lies,2023-05-12,217795,35,False,8,0.451,0.575,8,-9.606,0,0.0736,0.906,0.0247,0.112,0.145,120.063,spotify:track:3ht92wYGAbPzyjr6p91JVG
kissing (ft. slowthai),Mount Kimbie,MK 3.5: Die Cuts | City Planning,2022-11-04,180946,29,False,7,0.532,0.577,4,-10.408,0,0.46,0.82,9.04e-06,0.105,0.278,72.319,spotify:track:2ayb6f8UaziIwXqrdLwDE8
Kalifornia,Jazzbois,Higher Dimension Waiting Room,2023-07-21,213730,32,False,1,0.676,0.643,10,-6.528,0,0.042,0.4,0.853,0.125,0.629,83.841,spotify:track:7KC18XfXUAbDv5Ycn99ZjX
When It Hits,Jazzbois,Higher Dimension Waiting Room,2023-07-21,115000,24,False,4,0.496,0.384,3,-9.447,0,0.0428,0.46,0.834,0.529,0.392,154.563,spotify:track:65MNxQ5Yv67EkKcnpKO4ns
Part II,I Am An Instrument,"IAAI, Vol. 1",2019-07-12,80218,53,False,2,0.774,0.26,4,-18.52,0,0.0459,0.0436,0.816,0.143,0.649,131.813,spotify:track:7o74qoJGmYG5ZnUsZplgp0
Algoriddim (Interlude),Okvsho,Kamala's Danz,2020-09-25,64879,38,False,7,0.809,0.561,7,-15.348,1,0.0668,0.332,0.816,0.0718,0.744,112.952,spotify:track:73tezx29ZjPTgNQTkWONTw
The Cosmic Silence,Monolord,Vænir,2015-04-28,140929,30,False,5,0.412,0.148,4,-20.188,0,0.0303,0.195,0.928,0.111,0.157,100.282,spotify:track:18MAx6lSM6OjFEAvzXHlIo
Militerian (feat. Naira Marley),J Hus,Beautiful And Brutal Yard,2023-07-14,193600,59,True,4,0.944,0.565,11,-5.35,0,0.263,0.199,0.0108,0.0844,0.619,110.085,spotify:track:0oBDJWGnTJs9C0Ax90tMj0
Pocky Boy,yeule,Serotonin II,2019-10-25,241388,47,False,7,0.435,0.669,1,-10.202,0,0.123,0.737,0.00152,0.106,0.0734,130.009,spotify:track:6Ts2TyVBF6Osom4IV88JNr
STFU3,KAYTRAMINÉ,KAYTRAMINÉ,2023-05-19,140840,42,True,8,0.742,0.736,1,-4.692,0,0.373,0.111,0.0,0.272,0.554,92.964,spotify:track:4yhDEazA79jDuJkRp1oVlS
skin in the game,Slowdive,skin in the game,2023-07-18,232537,0,False,1,0.529,0.654,6,-7.352,1,0.0257,0.531,0.845,0.0912,0.377,98.263,spotify:track:3X0KbbFJSUK1hzXggbtreP
One-Woman Boy Band,Pearly Drops,A Little Disaster,2023-04-14,206000,33,False,7,0.509,0.73,2,-6.693,1,0.0313,0.11,0.805,0.183,0.169,90.016,spotify:track:44W6p6gxSfjZMatthcQCxm
Fall Again,Duval Timothy,Help,2020-08-07,250327,43,False,4,0.327,0.283,9,-13.42,0,0.0366,0.712,0.486,0.0984,0.253,79.066,spotify:track:3DU0kVyL8d8DgINz9qBxPQ
Just Like U Said It Would B,Sinéad O'Connor,Lion and the Cobra,1987-11-04,271093,47,False,4,0.576,0.256,9,-11.785,0,0.0287,0.164,0.0,0.043,0.249,82.902,spotify:track:3SJZbGDZG20DPXmg3jKYj9
Well I Bet Ya,KAYTRANADA,Gangster Music Vol. 1,2019-03-08,111300,41,False,13,0.703,0.638,8,-6.397,0,0.144,0.0052,0.303,0.266,0.777,81.981,spotify:track:3M6rr2waF1vpk9LA6z9rXo
Slayer Cake Bounce,Caleb Stone,Gangster Music Vol. 1,2019-03-08,144588,4,False,4,0.767,0.323,0,-7.493,1,0.0363,0.368,0.0132,0.185,0.366,84.984,spotify:track:5uTwTZljmD6Q2GnW5baPpl
Limbo,Jessy Lanza,Love Hallucination,2023-07-28,203426,21,False,3,0.888,0.455,9,-6.641,0,0.0427,0.0125,0.0121,0.0857,0.651,122.01,spotify:track:7gb6gwEvXSVIPo4NEgbvJs
Yinne Te Yelle Be,Alogte Oho & His Sounds of Joy,O Yinne!,2023-06-02,283967,18,False,5,0.808,0.646,8,-6.263,0,0.123,0.65,8.66e-06,0.425,0.838,149.256,spotify:track:0WHuBjM3JXUG8JzUglV5zU
Yinne Te Yelle Be,Alogte Oho & His Sounds of Joy,O Yinne!,2023-06-02,283967,18,False,5,0.808,0.646,8,-6.263,0,0.123,0.65,8.66e-06,0.425,0.838,149.256,spotify:track:0WHuBjM3JXUG8JzUglV5zU
Yinne Te Yelle Be,Alogte Oho & His Sounds of Joy,O Yinne!,2023-06-02,283967,18,False,5,0.808,0.646,8,-6.263,0,0.123,0.65,8.66e-06,0.425,0.838,149.256,spotify:track:0WHuBjM3JXUG8JzUglV5zU
Yinne Te Yelle Be,Alogte Oho & His Sounds of Joy,O Yinne!,2023-06-02,283967,18,False,5,0.808,0.646,8,-6.263,0,0.123,0.65,8.66e-06,0.425,0.838,149.256,spotify:track:0WHuBjM3JXUG8JzUglV5zU
Congoman,The Congos,Heart Of The Congos,1977,335426,32,False,2,0.646,0.597,10,-15.045,0,0.0414,0.282,0.758,0.0766,0.83,100.382,spotify:track:4gSdykl1fhmubnfWfsJcOD
Dedicada a ela,Arthur Verocai,Arthur Verocai,1972,213426,53,False,5,0.317,0.318,4,-14.946,0,0.0279,0.458,0.465,0.073,0.503,60.247,spotify:track:0eVnhQNFTRZXOIhHZNLX85
Velho parente,Arthur Verocai,Arthur Verocai,1972,138640,41,False,8,0.583,0.344,4,-12.868,0,0.0312,0.754,0.0194,0.0783,0.33,102.146,spotify:track:1jhluel6ujMGZirTF9aBWN
Karina (Domingo no Grajaú),Arthur Verocai,Arthur Verocai,1972,315066,38,False,10,0.334,0.612,9,-11.823,0,0.0502,0.0839,0.000363,0.482,0.562,87.954,spotify:track:57oZ05Syg4Si8UDHHQ35pq
The Gum,Gilla Band,Most Normal,2022-10-07,168208,22,False,1,0.514,0.922,11,-9.304,0,0.399,0.000407,4.47e-05,0.259,0.0347,120.161,spotify:track:1o4ZNDCmP8ap1RTqZTv1F0
Backwash,Gilla Band,Most Normal,2022-10-07,201184,31,True,3,0.63,0.682,2,-7.837,1,0.0678,0.0124,0.000946,0.691,0.616,87.007,spotify:track:6WOEiDqorXWXaLxxqLnclO
Bin Liner Fashion,Gilla Band,Most Normal,2022-10-07,138024,26,False,5,0.459,0.994,1,-8.772,1,0.312,0.138,0.0,0.867,0.0397,84.989,spotify:track:0zirfRwshQeOIFbgX2s5UJ
The Weirds,Gilla Band,Most Normal,2022-10-07,404245,19,True,7,0.189,0.781,7,-9.466,1,0.176,0.000437,0.00103,0.0488,0.0324,88.408,spotify:track:3JrIOh1GwIIfuVrZwc6zwM
I Was Away,Gilla Band,Most Normal,2022-10-07,278016,18,True,8,0.385,0.931,5,-9.611,0,0.103,0.029,0.0,0.127,0.669,72.418,spotify:track:0rgU2BbB03BMFS1iwXbugN
Almost Soon,Gilla Band,Most Normal,2022-10-07,202655,17,True,9,0.502,0.945,6,-8.818,0,0.151,0.000332,0.106,0.877,0.294,127.075,spotify:track:7MqKkS8p1beDCXeCHMvSBu
Pratfall,Gilla Band,Most Normal,2022-10-07,154582,14,False,11,0.143,0.552,11,-11.874,1,0.0707,0.485,0.987,0.579,0.308,67.807,spotify:track:5UnW9UiRjMqGIB6qaSzTVH
Post Ryan,Gilla Band,Most Normal,2022-10-07,265616,24,True,12,0.606,0.64,1,-10.441,1,0.0417,0.00158,0.00114,0.243,0.0744,145.95,spotify:track:4gkAxn9ac6MILOmCg3BLAT
Hypnagogia,Nulu,Hypnagogia,2023-05-12,286695,18,False,1,0.319,0.106,8,-18.862,1,0.0382,0.96,0.57,0.11,0.0918,100.457,spotify:track:2DZ76MACGcr5KqQVtUdbTA
Ascent,Mansur Brown,Desta - The Memories Between,2023-05-10,420453,12,False,8,0.35,0.594,6,-9.558,1,0.064,0.00196,0.806,0.262,0.373,157.337,spotify:track:5YFsb7MGz2iKy66ng6n7ln
Wonder,Mansur Brown,Desta - The Memories Between,2023-05-10,429665,12,False,12,0.547,0.663,2,-9.758,0,0.0312,0.0167,0.789,0.108,0.316,163.936,spotify:track:5nwwFlfByk1nWJ0KBG5IFb
Mysteries of the World,MFSB,Mysteries of the World,1980-12-01,330080,33,False,2,0.752,0.39,9,-11.045,1,0.0549,0.00239,0.49,0.0365,0.413,119.949,spotify:track:5WYzouzEJIKk0QJjNsiVue
Different,JayG,Different,2023-05-11,153725,47,True,1,0.764,0.685,1,-10.464,1,0.413,0.208,0.00013,0.0989,0.433,153.088,spotify:track:0a4s5QRpKF0sDDM2reNq60
Lockdown Drive,Jazzbois,Jazzbois Goes Blunt II,2021-09-17,320279,35,False,4,0.415,0.637,9,-7.948,0,0.114,0.708,0.828,0.121,0.548,87.605,spotify:track:1OMr7DcjwxiqbyMclrScD1
Good Lies,Overmono,Good Lies,2023-05-12,160127,61,False,3,0.688,0.809,10,-4.781,0,0.0474,0.0694,0.88,0.602,0.615,126.019,spotify:track:1ZnghCVtXCrtmKJH32z4UK
Walk Thru Water,Overmono,Good Lies,2023-05-12,194185,42,False,5,0.645,0.544,6,-7.185,0,0.0346,0.0746,0.621,0.107,0.131,133.986,spotify:track:0CMKTLnZYIt1qghPGiEumJ
Cold Blooded,Overmono,Good Lies,2023-05-12,217369,44,False,6,0.445,0.496,2,-6.601,0,0.0643,0.22,0.255,0.121,0.126,139.684,spotify:track:6ULPq2iNWiykHX1acI2SGn
The Offering,Darkhouse Family,The Offering,2017-11-24,173479,27,False,1,0.72,0.42,1,-9.772,0,0.166,0.617,0.0632,0.108,0.347,90.955,spotify:track:4KEtMkh8YTPVPODhQcW2Yb
"Weed on the Tree, Forty on the Floor",Tommy Guerrero & Gadget,24 Inch,1999-11-20,223226,2,False,1,0.726,0.886,4,-6.007,0,0.0282,0.00666,0.196,0.0838,0.522,94.566,spotify:track:1o6xWB66gZ0j0kdN2K88U2
In Da Club Before Eleven O' Clock,DJ Rashad,Juke Trax Online Vol. 13,2007-02-08,338000,35,True,1,0.804,0.741,5,-6.818,0,0.2,0.249,0.0019,0.116,0.484,159.844,spotify:track:2JsQdDbuwFYNwykifahaYL
I Against I,Massive Attack,Special Cases,2003-02-24,341000,47,False,3,0.677,0.524,6,-10.873,0,0.0462,0.00573,0.086,0.102,0.265,100.007,spotify:track:07L2b1rNFcywc0coZYUzeV
The Basement,Kembe X,The Basement,2023-05-12,202981,47,True,1,0.622,0.492,6,-12.652,0,0.565,0.555,0.000164,0.112,0.827,136.98,spotify:track:5AiS9AoF7ONfTcNdXjWPNi
Sounds of the City,NIJI,Sounds of the City,2023-05-12,294348,7,False,1,0.517,0.872,5,-6.117,0,0.0466,0.213,0.654,0.0741,0.525,140.937,spotify:track:3MjMk9neOHvxLAHvz70YAp
You're Alive - There's Still Time,K15,Be Glad You Create Anything,2018-06-04,170243,26,False,3,0.383,0.289,4,-12.958,0,0.0655,0.328,0.276,0.0857,0.273,79.354,spotify:track:5tTNVeD23EEmFDdqFGDCwq
Good Thing,James Mason,Rhythm Of Life,1977,193233,17,False,2,0.583,0.735,7,-7.704,1,0.0308,0.548,0.0,0.122,0.644,90.417,spotify:track:413NMDEiyDtwdzYkXQEE6P
Rhythm of Life,James Mason,Rhythm Of Life,1977,372516,14,False,7,0.453,0.872,11,-8.696,0,0.0752,0.364,0.000116,0.151,0.406,147.035,spotify:track:4ZyDwYLH0XAH4pipRjxHsa
Daydreaming,NxWorries,Daydreaming,2023-05-18,186967,51,False,1,0.697,0.585,1,-9.597,1,0.0361,0.274,0.145,0.0779,0.504,74.014,spotify:track:6qqq5zPYV7U4UsKnGC82tw
Dream Machine,Dominik Eulberg,Dream Machine,2017-06-16,507417,43,False,1,0.747,0.668,7,-8.844,0,0.0505,0.314,0.934,0.0522,0.679,123.006,spotify:track:5ekNKqNTF8reaoGIzT2J5j
Real Back In Style,Potter Payper,Real Back In Style,2023-05-12,225605,44,True,1,0.494,0.652,10,-7.734,0,0.499,0.175,0.0,0.152,0.59,86.28,spotify:track:61994VOwX5tuXX6MMV5bsp
For Granted,Yaeji,With A Hammer,2023-04-07,161946,46,False,2,0.722,0.613,0,-8.394,1,0.0411,0.119,0.083,0.112,0.398,92.495,spotify:track:6YmhApkbGfwiXlQ5tdyJbL
Steppa Pig,JPEGMAFIA,SCARING THE HOES,2023-03-24,207878,53,True,2,0.693,0.953,5,-0.416,0,0.302,0.234,0.0,0.129,0.774,74.439,spotify:track:0LLKhrm54tp36K2MbgBfAA
A Lemine Me,Alogte Oho & His Sounds of Joy,O Yinne!,2023-06-02,266930,20,False,6,0.514,0.648,9,-6.402,0,0.0484,0.0505,2.06e-05,0.559,0.662,188.846,spotify:track:7seaboXgiftlcXgd8yzLrR
MY EYES,Travis Scott,UTOPIA,2023-07-28,251249,86,True,4,0.455,0.621,0,-7.694,0,0.0517,0.651,2.59e-06,0.123,0.28,119.043,spotify:track:4kjI1gwQZRKNDkw1nI475M
I KNOW ?,Travis Scott,UTOPIA,2023-07-28,211582,87,True,10,0.927,0.619,5,-4.441,0,0.0539,0.0186,0.0,0.104,0.817,117.995,spotify:track:6wsqVwoiVH2kde4k4KKAFU
Wat's Wrong (feat. Zacari & Kendrick Lamar),Isaiah Rashad,The Sun's Tirade,2016-09-02,330783,70,True,5,0.706,0.688,1,-6.357,1,0.269,0.151,0.0,0.466,0.313,125.966,spotify:track:2RPbEp0DyBVlkRvvYKopO7
Let's Get the Dub,Stefan Ringer,Expressions,2020-08-07,286451,17,False,2,0.872,0.531,4,-12.448,0,0.156,0.0131,0.219,0.0663,0.717,124.02,spotify:track:1fIWsO3PaqNpuTqOfsQP0t
Alien Love Call,Turnstile,New Heart Designs,2023-08-11,222741,60,False,2,0.606,0.583,4,-8.389,1,0.0284,0.00633,0.404,0.193,0.807,125.974,spotify:track:5D7AFGloFpXtdT2PiKTEC3
The Spoon,Oscar Jerome,The Spoon,2022-09-23,426240,37,False,4,0.732,0.386,4,-11.562,0,0.0524,0.726,0.372,0.135,0.139,93.933,spotify:track:0uv10KTgGsYAnC9m5io5D9
Moonchild,Captain Sky,Pop Goes the Captain,2020-11-02,401865,21,False,1,0.653,0.826,5,-8.394,0,0.0877,0.0456,0.0734,0.0638,0.741,123.25,spotify:track:6wFVAPKbmNFnbC0M9bC7iv
THOT'S PRAYER!,JPEGMAFIA,LP!,2021-10-22,187758,39,True,6,0.697,0.65,0,-7.27,1,0.0996,0.456,0.0,0.354,0.433,123.92,spotify:track:0O0q3mDpIZH1BJXBEH5ad8
ARE U HAPPY?,JPEGMAFIA,LP!,2021-10-22,185650,40,True,7,0.76,0.816,2,-3.851,0,0.357,0.182,0.0,0.214,0.735,135.875,spotify:track:5zChKVq8kdnWWPbVWezFW8
BALD!,JPEGMAFIA,LP!,2021-10-22,152588,42,True,17,0.47,0.926,10,-2.41,1,0.289,0.0932,0.0,0.259,0.593,154.735,spotify:track:0sBY9cwM2ubXSiEu5mQGQn
No Blood No Sweat,Mach-Hommy,Pray For Haiti,2021-05-21,114329,56,True,2,0.359,0.58,11,-11.424,1,0.263,0.336,0.558,0.106,0.505,82.164,spotify:track:4DCZxox8ZvICoaG02cxHnj
What Not To Do - Moodymann Remix,Róisín Murphy,What Not To Do (Moodymann Remix),2023-08-09,316000,14,False,1,0.635,0.45,11,-11.167,0,0.0909,0.354,0.0092,0.204,0.517,176.016,spotify:track:4M6ywvPu0K14mUPJ6qnTjK
CooCool,Róisín Murphy,What Not To Do (Moodymann Remix),2023-08-09,271112,1,False,2,0.759,0.67,6,-7.163,0,0.049,0.136,0.000651,0.191,0.574,118.0,spotify:track:6gIiolJ6VM6rBLGwnahPaX
Robot's Return (Modern Sleepover Part 2) [Moodymann Edit] - Mixed,Talc,DJ-Kicks (Moodymann) [DJ Mix],2016-02-19,182213,22,False,5,0.758,0.439,5,-12.188,1,0.0635,0.142,2.38e-05,0.108,0.458,91.175,spotify:track:3rR7YyBYHbbMyRqNaFUh52
É Preciso Perdoar,alici,É Preciso Perdoar,2023-08-11,144565,17,False,1,0.794,0.444,4,-15.661,0,0.0626,0.761,0.572,0.0959,0.825,87.996,spotify:track:2auPAZxhEZ9b1cNwPCUG9M
89 Earthquake,Larry June,The Great Escape,2023-03-31,192306,54,True,2,0.621,0.627,7,-7.762,0,0.136,0.209,0.000131,0.667,0.283,71.053,spotify:track:0GSbjG7c0gm7qX0Ru7vuon
Solid Plan,Larry June,The Great Escape,2023-03-31,175786,49,True,3,0.46,0.636,4,-8.189,0,0.165,0.242,0.0,0.768,0.73,137.992,spotify:track:63FZ0ETLkQ8wrsuUAvoIkr
mercurymorris,Blvck Svm,mangalica mink,2022-12-02,155103,0,True,6,0.942,0.617,10,-12.716,1,0.277,0.507,0.0212,0.101,0.792,136.013,spotify:track:70dQZvj7kcl7x5ap6rRIYF
Ultramarine,Wesley Joseph,ULTRAMARINE,2021-06-18,255139,37,False,2,0.731,0.69,11,-9.41,0,0.159,0.373,0.0243,0.105,0.616,95.019,spotify:track:6tOfb9TXSU11AoYkvgonKY
Outro,Coco & Clair Clair,Posh,2017-05-01,69836,49,True,7,0.763,0.54,8,-11.404,1,0.0806,0.0359,0.0149,0.26,0.645,125.112,spotify:track:2z7DeLqTHzcNFpUO4TKZuW
Come Over (Remix),Jorja Smith,Come Over (Remix),2021-02-25,145652,63,False,1,0.638,0.676,10,-5.944,0,0.22,0.402,1.07e-06,0.171,0.688,88.903,spotify:track:5RBc2SUllAJG4gUZdXTBIj
You've Got The Love - Jamie xx Rework,Florence + The Machine,You've Got The Love (Jamie xx Rework),2009-09-28,342990,59,False,1,0.702,0.502,0,-7.439,1,0.098,0.11,0.459,0.0846,0.383,129.991,spotify:track:59Y2GLn55BVjX3UTMUDtTP
The Power of Your Love,Spirit of Love,The Power of Your Love,2016,253181,15,False,1,0.458,0.923,11,-5.47,0,0.21,0.0139,0.000375,0.183,0.288,121.365,spotify:track:6Dhhx6POulpaNlKJKKvLSx
(I Can) Deal with That,Dee Edwards,"Searching for Soul: Soul, Funk & Jazz Rarities from Michigan 1968-1980",2005-10-05,219253,36,False,10,0.592,0.616,1,-8.833,1,0.135,0.751,1.38e-05,0.0672,0.923,90.655,spotify:track:0kxxQti2iGnaEDLSJNkfNe
Too Soon You're Old,Penny Goodwin,Too Soon You're Old,2016-11-25,287002,35,False,1,0.464,0.665,9,-11.015,0,0.0419,0.574,0.00624,0.55,0.938,143.679,spotify:track:5DT1dW3RlOhAgdJFCAFjqS
Spirit 2.0,Sampha,Spirit 2.0,2023-06-28,289962,43,False,1,0.741,0.491,5,-11.416,1,0.0512,0.606,0.283,0.141,0.503,150.553,spotify:track:3JKRuo3KhL39T6XWAXPohj
Arrabi al Arabe,Mariem Hassan,El Aaiun Egdat,2012-03-20,266123,43,False,2,0.56,0.501,9,-5.442,0,0.0314,0.725,0.000136,0.107,0.22,90.301,spotify:track:4anx9dy5q5vU1B0kwNRmrR
Hercules Theme,Hercules & Love Affair,Hercules & Love Affair,2008-03-10,268835,32,False,2,0.735,0.644,7,-6.182,0,0.0291,0.0215,0.781,0.329,0.862,105.988,spotify:track:5Y6j5OOV7RxICBWhPvc5Ju
Bad Bad News,Leon Bridges,Bet Ain't Worth the Hand / Bad Bad News,2018-03-13,207306,0,False,2,0.781,0.629,5,-6.152,0,0.0647,0.229,0.000536,0.0881,0.693,111.975,spotify:track:5CDrDzan4wRW3Dj4LD6meH
Acid,Ray Barretto,Acid,1968-12-31,307173,21,False,3,0.555,0.659,0,-8.529,1,0.0575,0.0374,0.851,0.0788,0.937,159.063,spotify:track:4J4S8Fm2BJt59zPWygsbpr
Acid,Ray Barretto,Acid,1968-12-31,307173,21,False,3,0.555,0.659,0,-8.529,1,0.0575,0.0374,0.851,0.0788,0.937,159.063,spotify:track:4J4S8Fm2BJt59zPWygsbpr
Acid,Ray Barretto,Acid,1968-12-31,307173,21,False,3,0.555,0.659,0,-8.529,1,0.0575,0.0374,0.851,0.0788,0.937,159.063,spotify:track:4J4S8Fm2BJt59zPWygsbpr
Acid,Ray Barretto,Acid,1968-12-31,307173,21,False,3,0.555,0.659,0,-8.529,1,0.0575,0.0374,0.851,0.0788,0.937,159.063,spotify:track:4J4S8Fm2BJt59zPWygsbpr
El Nuevo Barretto,Ray Barretto,Acid,1968-12-31,352826,9,False,1,0.696,0.606,0,-7.46,1,0.0313,0.361,4.76e-05,0.181,0.96,135.762,spotify:track:51hspnskOaqA8i6lr8brg8
Dissan Na M'bera,Super Mama Djombo,"Emociones, Vol. 1",2012-03-16,311000,36,False,10,0.62,0.819,10,-6.366,0,0.0404,0.305,0.314,0.238,0.97,109.444,spotify:track:3PfqCDBnk0uqgMnX0FubQB
Angola,Cesária Evora,Miss Perfumado,1992-10-21,270266,48,False,6,0.77,0.47,8,-12.034,1,0.0479,0.687,1.02e-05,0.0533,0.867,105.794,spotify:track:52vMWINBrhwuTaTg1tTVLa
Espíritu Libre,Ray Barretto,Acid,1968-12-31,510093,3,False,8,0.436,0.72,5,-10.742,0,0.0559,0.133,0.0176,0.125,0.682,98.147,spotify:track:0gRBPGDs9v5ZwWijmnPfOD
Mas Que Nada,Patato,Patato & Totico,1968-01-01,155213,23,False,1,0.523,0.54,4,-15.187,0,0.089,0.807,1.81e-06,0.655,0.735,112.052,spotify:track:4AYIgc2JhhX9nwwa6tHvul
Guajira Sicodélica,Los Destellos,Sicodélicos,2016-08-01,212466,54,False,1,0.743,0.854,11,-5.725,0,0.0373,0.0158,0.825,0.344,0.756,137.157,spotify:track:0oucyVmfZtpU608vpYA1rs
El Watusi,Ray Barretto,Charanga Moderna,1962-12-31,160115,50,False,6,0.543,0.5,2,-10.092,1,0.163,0.815,8.55e-05,0.0977,0.618,87.252,spotify:track:5jK21S6FXKQqjlK4vTBiMd
Sittin' On Top Of The World (feat. 21 Savage),Burna Boy,I Told Them...,2023-08-24,188290,56,True,4,0.797,0.848,1,-4.484,1,0.0818,0.0326,0.000218,0.108,0.769,98.005,spotify:track:0TIYRdf5622SXVPEDvawPy
Talibans II - Bonus Track,Burna Boy,I Told Them...,2023-08-24,176453,62,True,15,0.914,0.505,9,-6.77,0,0.31,0.227,2.73e-06,0.132,0.54,102.937,spotify:track:1WsIk6g7dD8LZouywnzGUb
Back to Beginnings,Greg Spero,Back to Beginnings,2023-08-25,186589,19,False,1,0.335,0.248,10,-15.698,0,0.0363,0.82,0.261,0.133,0.0493,72.411,spotify:track:3fwY3YbGDOOr7XUh5nFwtp
Blood Cells,Greg Spero,Blood Cells,2023-09-01,109550,29,False,1,0.285,0.183,0,-17.116,1,0.0391,0.981,0.886,0.14,0.0436,166.408,spotify:track:7pWRHPDVj7p2Sxx8QNwvK9
Woodward Avenue,Yusef Lateef,Yusef Lateef's Detroit Latitude 42º 30º Longitude 83º,1969,134226,40,False,7,0.59,0.481,4,-15.809,0,0.0727,0.8,0.873,0.169,0.644,122.851,spotify:track:6VZeIcQv7MqyOL4svAk5DY
Livingston Playground,Yusef Lateef,Yusef Lateef's Detroit Latitude 42º 30º Longitude 83º,1969,223280,21,False,2,0.484,0.442,1,-12.626,0,0.0382,0.629,0.903,0.0992,0.78,141.706,spotify:track:3PXQXxwhXjAUILnrjrlEXY
Eastern Market,Yusef Lateef,Yusef Lateef's Detroit Latitude 42º 30º Longitude 83º,1969,259399,24,False,3,0.552,0.716,5,-11.038,0,0.0631,0.485,0.00062,0.309,0.773,113.916,spotify:track:1K2GCXMxKZeBzqXR8zYQem
Russell and Eliot,Yusef Lateef,Yusef Lateef's Detroit Latitude 42º 30º Longitude 83º,1969,293146,23,False,5,0.559,0.41,9,-13.831,0,0.0495,0.224,0.78,0.0608,0.618,140.173,spotify:track:4UQSW8KVwb7EH7mwwy26BD
That Lucky Old Sun,Yusef Lateef,Yusef Lateef's Detroit Latitude 42º 30º Longitude 83º,1969,448493,17,False,8,0.451,0.0844,3,-16.47,1,0.0375,0.837,0.728,0.307,0.485,132.133,spotify:track:4UffSiE9pycq3SMbJqmTyP
Hard Hands,Ray Barretto,Hard Hands,1968-12-31,149880,11,False,1,0.59,0.535,11,-8.027,0,0.118,0.662,0.00042,0.0701,0.775,146.409,spotify:track:5dTrh278VSzCNgmpGGy6pM
Abidján,Ray Barretto,Hard Hands,1968-12-31,291866,15,False,2,0.633,0.689,5,-10.41,1,0.355,0.524,0.306,0.097,0.866,118.743,spotify:track:4VUrKFiXLzQPzZlN3rQXrf
Love Beads,Ray Barretto,Hard Hands,1968-12-31,165813,16,False,3,0.646,0.568,5,-10.003,1,0.0314,0.221,0.862,0.157,0.955,111.939,spotify:track:7BoO92STAx3E1ycC4VUmo5
Son Con Cuero,Ray Barretto,Hard Hands,1968-12-31,315186,19,False,6,0.663,0.699,2,-9.142,0,0.0499,0.792,0.35,0.0859,0.931,153.835,spotify:track:10qjc9oXsd2BI7wjw7OV6g
Ahora Si,Ray Barretto,Hard Hands,1968-12-31,340546,13,False,9,0.864,0.518,7,-9.375,1,0.0503,0.646,0.0123,0.272,0.918,122.817,spotify:track:3p7APSGSLIklWIedKOjBeL
Dominoes,Jungle,Volcano,2023-08-11,177520,67,False,4,0.689,0.952,2,-5.249,0,0.114,0.113,0.78,0.298,0.415,107.978,spotify:track:59rkTkputMqoxunf9IRzOc
Don't Play,Jungle,Volcano,2023-08-11,226280,58,False,9,0.673,0.617,10,-5.996,1,0.275,0.193,0.0,0.36,0.702,120.103,spotify:track:5yXf2ZVlBdgIGxbSKb6VFW
Pretty Little Thing,Jungle,Volcano,2023-08-11,181599,55,True,14,0.722,0.417,2,-7.707,1,0.103,0.661,0.0268,0.1,0.28,81.895,spotify:track:5C9anXz5T3PY3A5YkH66cn
Back On 74,Jungle,Volcano,2023-08-11,209482,86,False,6,0.62,0.761,10,-7.282,0,0.175,0.207,0.000147,0.269,0.194,146.003,spotify:track:19kHhX6f6EfLU7rcO3RqjO
Just Cool,Obongjayar,Just Cool,2023-05-11,220243,50,True,1,0.953,0.782,2,-5.454,1,0.119,0.112,3.84e-05,0.076,0.96,115.005,spotify:track:553yNvwJjHlHwDF4fA9ZUP
The Price,YUNGMORPHEUS,The Price,2023-06-29,165853,10,True,1,0.738,0.543,7,-10.835,1,0.226,0.833,0.00153,0.106,0.604,92.472,spotify:track:2T4BUFg7NTmAwBN6cidt3J
Faith Is The Key,EnLIGHTment,Faith Is The Key (Deluxe Edition),2017-02-24,347270,19,False,1,0.721,0.743,9,-5.233,0,0.0273,0.29,1.93e-06,0.0443,0.84,117.666,spotify:track:2p8z38yq40O0EybfLjDR60
Wana,nour,Wana,2023-04-26,219428,49,False,1,0.508,0.426,0,-14.696,0,0.0709,0.568,0.517,0.159,0.337,137.9,spotify:track:6ygaR0OCPjB2YdBbbNKvss
Machine,Miquela,Machine,2020-04-23,219824,27,False,1,0.86,0.5,10,-8.149,1,0.0454,0.589,1.94e-06,0.111,0.551,129.071,spotify:track:2qPesmvW3Ybks41YWlstf1
Son Shine,SAULT,Untitled (Rise),2020-09-18,196814,50,False,6,0.697,0.568,5,-7.245,0,0.036,0.137,0.206,0.097,0.6,108.98,spotify:track:2Ohu1ERZnAuaCzi7N5ngRK
"Right Here, for Now",Bakar,I'm Done,2023-09-06,180933,26,False,2,0.798,0.581,0,-5.243,1,0.0396,0.0401,0.0,0.357,0.776,129.97,spotify:track:5nWVm4yn8GACYSsLvTGT7L
1More Tune,Nightmares On Wax,CLUB E.A.S.E. - #2,2023-09-07,577250,16,False,1,0.874,0.705,6,-9.352,1,0.0699,0.014,0.916,0.0971,0.369,122.013,spotify:track:0bclQaluZlgD8msSfHsGOP
Magnolia Symphony,Yussef Dayes,Black Classical Music,2023-09-08,97186,38,False,8,0.23,0.258,4,-13.015,0,0.0352,0.979,0.858,0.136,0.0376,83.392,spotify:track:7orj2YOXLnGv6uwsb0R7MX
Chasing the Drum,Yussef Dayes,Black Classical Music,2023-09-08,340146,38,False,10,0.642,0.705,8,-10.587,1,0.0656,0.265,0.329,0.106,0.725,134.563,spotify:track:3NeZ7D68PvnY4iCZkjyNTH
Birds of Paradise,Yussef Dayes,Black Classical Music,2023-09-08,249266,39,False,11,0.734,0.41,5,-12.885,1,0.158,0.78,0.91,0.167,0.6,93.75,spotify:track:7tTmHN2sQsmIGok0AvrTQy
Sunshine,Cleo Sol,Mother,2021-08-20,262960,55,False,5,0.626,0.265,2,-15.297,0,0.0738,0.623,0.0689,0.125,0.054,86.106,spotify:track:1el1feH98jWUrPpYmu5jN8
Spiky Boi,Surprise Chef,Friendship EP,2023-06-02,119510,51,False,6,0.671,0.862,4,-5.606,0,0.102,0.000119,0.836,0.0945,0.538,94.741,spotify:track:2VvUwV9PDrli8uapBKPQOv
Crayfish Caper,Surprise Chef,All News Is Good News,2020-07-10,409034,31,False,6,0.587,0.523,6,-10.615,0,0.0503,0.188,0.0125,0.103,0.62,80.772,spotify:track:33iMJKVzhZQTieO3HrSdKr
Butterfly,Talvin Singh,OK (Expanded Edition),1998,266493,25,False,2,0.557,0.822,6,-6.832,1,0.0584,0.00648,0.769,0.443,0.644,169.599,spotify:track:4DUsclIvDe7sU5KRvTQ6St
Sutrix,Talvin Singh,OK (Expanded Edition),1998,354160,8,False,3,0.452,0.761,1,-7.926,1,0.0465,0.046,0.676,0.357,0.218,113.242,spotify:track:3tA4x81w0LEuWh8HtV56tE
OK,Talvin Singh,OK (Expanded Edition),1998,255946,8,False,7,0.735,0.937,1,-7.328,0,0.126,0.00139,0.215,0.271,0.169,132.816,spotify:track:2JdQsEl2hijBasn39JALBR
Light,Talvin Singh,OK (Expanded Edition),1998,382306,15,False,8,0.642,0.825,6,-10.281,1,0.0393,0.174,0.746,0.0867,0.231,132.855,spotify:track:3JDZyIZh5OHdU2vHxnlKIH
Life After Subway,Tatham,6th,2020-01-31,253780,1,False,1,0.74,0.843,2,-9.743,1,0.0383,0.347,0.859,0.112,0.13,123.007,spotify:track:6PPTdloF8jyRwAVx8fYfop
Warp 7,Dego,Love Was Never Your Goal,2022-10-21,242000,5,False,6,0.8,0.989,6,-4.942,0,0.0356,0.083,0.845,0.0872,0.577,120.02,spotify:track:5J4m4eakrX44T4IDjss5qn
Magnolia II,Kamaal Williams,Magnolia II,2023-08-11,197500,29,False,1,0.326,0.455,11,-10.334,1,0.0421,0.912,0.883,0.104,0.0318,151.938,spotify:track:6FG0RYmtPG4UKRpLG2Syu7
Stings,Kamaal Williams,Stings,2023-09-11,290000,16,False,1,0.416,0.753,10,-7.07,1,0.0365,0.498,0.96,0.104,0.2,120.712,spotify:track:7zdBfReMVQKgxO5Pa5O3Hf
Intimate Fantasy,Chaos In The CBD,Intimate Fantasy - EP,2022-10-04,493000,44,False,1,0.802,0.856,7,-8.764,0,0.0575,0.0294,0.878,0.666,0.719,127.067,spotify:track:6plKjqeFQ30GbfAbvS3srq
I Don't Like To Dream About Getting Paid,Tha Dogg Pound,Dogg Food,1995,315413,0,True,10,0.786,0.774,1,-5.536,1,0.202,0.117,0.0,0.0894,0.655,96.742,spotify:track:2xHTjMFb8aHXxz6pup0oia
Ghost Walk,The Budos Band,The Budos Band,2005-11-29,130973,59,False,4,0.79,0.747,3,-9.792,0,0.0396,0.252,0.894,0.254,0.964,101.788,spotify:track:4x8uLA848ZXSAMYVLDl1Br
Inside Minds,Resavoir,Inside Minds,2023-07-25,157004,6,False,1,0.696,0.425,3,-10.759,1,0.0362,0.928,0.868,0.113,0.575,125.073,spotify:track:5B1emLZ0dKj5SoM86dgzb7
Hips,Kiefer,"It's Ok, B U",2023-09-22,264216,23,False,9,0.677,0.394,4,-12.471,0,0.0953,0.0735,0.659,0.36,0.304,92.966,spotify:track:1jYkZGuUR91TMdePWgrJI5
Glowing (feat. Pera Krstajic),Kiefer,"It's Ok, B U",2023-09-22,276398,21,False,13,0.614,0.295,11,-12.856,0,0.0498,0.812,0.838,0.127,0.196,76.969,spotify:track:0EIOepGdsMIeiwQC5I8cgj
Forgetting U,Kiefer,"It's Ok, B U",2023-09-22,166667,26,False,14,0.497,0.0509,8,-20.903,1,0.0732,0.957,0.8,0.145,0.0395,59.013,spotify:track:0BoraAUTcevAI6CZrnLHLu
Iniesta Flow,namesbliss,Iniesta Flow,2023-07-21,139200,45,False,1,0.563,0.613,10,-10.245,0,0.393,0.813,0.0,0.106,0.42,140.434,spotify:track:1fZlxYXWrsus7bSPjX5Wng
Sunshine,Asake,Work Of Art,2023-06-15,185739,58,False,4,0.776,0.82,1,-8.071,0,0.0849,0.258,0.089,0.195,0.576,115.046,spotify:track:3Yr0vIcfXq5MWdSDmZzKgk
"Right Here, for Now",Bakar,Halo,2023-09-21,180933,56,False,7,0.798,0.581,0,-5.243,1,0.0396,0.0401,0.0,0.357,0.776,129.97,spotify:track:2LxRUWNqcKcTo7zOrctebE
Only,Sampha,Only,2023-09-06,169590,43,False,1,0.884,0.338,5,-10.152,0,0.123,0.364,0.0,0.149,0.815,136.994,spotify:track:3XiIO5kw2UxoY6Aph8Tcd5
The Caliphate (feat. Vince Staples),Earl Sweatshirt,The Caliphate (feat. Vince Staples),2023-09-15,230720,43,False,1,0.538,0.467,11,-11.792,0,0.121,0.351,0.000832,0.154,0.153,114.526,spotify:track:5zdaRJpmbs5lUHCOKn3K6e
Thug Anthem,MIKE,Faith Is A Rock,2023-09-22,161573,40,True,2,0.592,0.558,10,-11.507,0,0.391,0.541,0.0,0.105,0.295,67.085,spotify:track:2zLoydVm0kYoaIkra0XmzE
A Song For You,Amy Winehouse,Lioness: Hidden Treasures,2011-01-01,269373,51,False,12,0.524,0.542,8,-7.516,1,0.0513,0.232,3.13e-05,0.327,0.362,119.979,spotify:track:4fdPpmqn1eYLyWRcxZmx2D
Learning Lessens - Shy One Remix,Andrew Ashong,Learning Lessens (Shy One Remix),2023-09-27,382887,11,False,1,0.8,0.707,10,-9.981,0,0.0488,0.178,0.873,0.0853,0.29,121.987,spotify:track:4uKgCSYYMHiHdB8A054kDb
PKKNO,Kamaal Williams,Stings,2023-09-27,167331,19,False,3,0.552,0.876,1,-5.406,1,0.0342,0.0468,0.663,0.0583,0.401,155.049,spotify:track:7MJSV5hAhPzXctI4qFcO8y
YUM.ME,Mndsgn,YUM.ME,2023-09-19,79584,0,False,1,0.64,0.78,4,-7.326,1,0.0492,0.243,0.0738,0.474,0.947,167.885,spotify:track:5CaIpjSJ49hQxQqC7IG04H
Dogtown,Kamaal Williams,Stings,2023-09-27,390000,34,False,5,0.333,0.779,1,-13.412,0,0.0565,0.0866,0.872,0.09,0.632,124.771,spotify:track:5ktCZMdlQ5jf1o6vqKFSso
Ronan,Kamaal Williams,Stings,2023-09-27,142500,22,False,9,0.324,0.0637,1,-21.374,1,0.0281,0.988,0.942,0.104,0.13,87.094,spotify:track:1qJ3SXZ48lHF2mdmM6EcAG
Taiwan,Kamaal Williams,Stings,2023-09-27,295500,22,False,8,0.345,0.173,7,-17.759,0,0.0538,0.963,0.0471,0.222,0.147,129.449,spotify:track:4KR0oIOoBi1qx43A8vZTwI
Magnolia,Kamaal Williams,Stings,2023-09-27,236000,23,False,10,0.416,0.0158,8,-19.895,0,0.0502,0.993,0.94,0.108,0.14,79.594,spotify:track:0ZBv5AcNs8lxkYQPXPIGBU
Back Together Again (feat. Donny Hathaway),Roberta Flack,A Donny Hathaway Collection,1990-04-03,290973,44,False,4,0.776,0.937,1,-5.477,0,0.0743,0.183,0.000977,0.293,0.91,111.027,spotify:track:065o5Vhiq7Dx6JXF0e33S8
Seagirl,King Krule,Space Heavy,2023-06-09,202006,49,False,10,0.484,0.393,6,-11.749,1,0.0273,0.778,0.0266,0.0988,0.223,68.022,spotify:track:7ssj7z5AP6V5O6Ooyeni60
Tell Me,James Blake,Playing Robots Into Heaven,2023-09-08,300122,45,False,3,0.508,0.753,9,-8.911,1,0.0537,0.258,0.485,0.189,0.169,141.047,spotify:track:0hUU81fjvfcvaiCCN51oRy
Fall Back,James Blake,Playing Robots Into Heaven,2023-09-08,241038,42,False,4,0.749,0.741,8,-8.156,1,0.141,0.129,0.838,0.0951,0.446,120.047,spotify:track:41uuqHFB7mvUpRwacQmoxO
Self,Cleo Sol,Heaven,2023-09-15,199615,67,False,1,0.725,0.417,1,-10.635,0,0.0976,0.445,0.79,0.0834,0.975,151.947,spotify:track:0J9uaeOd7GZi9MTybtqAD4
GO GO GO,Jorja Smith,falling or flying,2023-09-29,145893,48,False,7,0.644,0.708,2,-5.481,0,0.0503,0.0475,2.75e-06,0.099,0.854,160.045,spotify:track:4tQ3eY36dfKWDiAQqX9w0u
Dance,Drunk is not funny,Lofi Lights,2023-09-01,90666,0,False,3,0.74,0.47,9,-15.202,0,0.729,0.816,1.27e-05,0.136,0.721,180.005,spotify:track:6Syt76jl9dyn2UeAWPSTAg
Blind Date,Joy Orbison,Blind Date,2022-09-23,245820,40,False,1,0.617,0.916,10,-5.937,1,0.12,0.0257,0.00036,0.0654,0.246,133.959,spotify:track:0UNzzZBuQfZwNJ3mk2PYbm
tentative bidding demo,Joy Orbison,archive 09-10,2023-09-27,263954,22,False,1,0.6,0.64,0,-8.816,0,0.378,0.1,0.0733,0.37,0.476,132.012,spotify:track:3jirQ3EQxEcwgHpylZPYFg
Higher,Groovy D,Higher,2021-05-21,288000,20,False,1,0.795,0.79,7,-7.126,1,0.167,0.078,0.548,0.0618,0.763,129.995,spotify:track:6dRBgY551j2akEK2nkGXH8
Gangster Time,Interplanetary Criminal,Gangster Time,2022-10-28,207000,39,False,1,0.893,0.686,1,-7.785,1,0.278,0.018,0.00655,0.184,0.786,133.943,spotify:track:4LEU14gZpGPwjbdJm58fz4
armored core,Meltycanon,YUMMY GUMMY TAPE,2023-09-20,106129,13,False,8,0.672,0.853,8,-7.789,1,0.0456,0.261,0.895,0.1,0.65,155.996,spotify:track:4R7cYpp6NRFtVk4eY7vK3o
Loveher,Romy,Mid Air,2023-09-08,229346,50,False,1,0.698,0.531,4,-8.578,0,0.0382,0.0323,0.0114,0.0965,0.501,120.015,spotify:track:27sNZ0TFyRsCVOfYfLg6eq
Weightless,Romy,Mid Air,2023-09-08,269280,47,False,2,0.696,0.823,4,-8.111,1,0.0385,0.511,0.178,0.0906,0.0912,128.042,spotify:track:3DoPDf9n2BF8uE37D6GZdY
The Sea,Romy,Mid Air,2023-09-08,190720,48,False,3,0.669,0.84,4,-6.466,0,0.0409,0.00677,0.337,0.48,0.777,119.011,spotify:track:3plxwjwJXQ7dyRFzJEyQ9r
Big Hammer,James Blake,Playing Robots Into Heaven,2023-09-08,240742,39,False,6,0.938,0.546,1,-9.106,1,0.309,0.326,0.178,0.0798,0.208,139.982,spotify:track:4jaxbEGk3Jgu45VdK8FOkS
All My Friends,Channel Tres,Real Cultural Shit,2023-02-24,243759,45,True,5,0.775,0.647,9,-8.041,0,0.072,0.0258,0.0861,0.152,0.717,123.995,spotify:track:7Cgxt0jumHS0Z5B9xmStnS
U + I,jus.,three.,2020-04-01,137273,46,False,4,0.797,0.233,9,-11.459,0,0.125,0.0747,0.579,0.107,0.274,77.059,spotify:track:1U5tWycUVeZVHpukFqNOP7
Ana Qalbi Ehtar,The Free Music,Free Music (Part 1) (Habibi Funk 021),2023-03-17,285608,26,False,5,0.579,0.814,0,-8.848,1,0.0338,0.0364,0.00155,0.183,0.856,121.042,spotify:track:4RtnWuai21h9SzQN4Qq1tF
Bajka's Gnaoui,Dissidenten,Arab Shadows,1986-05-28,293680,2,False,1,0.764,0.874,2,-6.504,1,0.0449,0.0472,0.0332,0.0484,0.929,117.827,spotify:track:3YQHvoIACyUPPteFgFTtQv
Ase,King Sunny Adé,King of Juju,2002-08-12,555386,11,False,4,0.83,0.827,7,-8.028,1,0.05,0.185,0.274,0.0443,0.58,110.106,spotify:track:2dSava8lpkadHeCRO7jMUL
Mancala (feat. Vince Staples),Earl Sweatshirt,VOIR DIRE,2023-10-06,161506,50,True,5,0.478,0.69,5,-10.484,0,0.459,0.752,0.000164,0.301,0.624,76.925,spotify:track:3G2Xq0ZA5nra0iHMjbXOYD
27 Braids,Earl Sweatshirt,VOIR DIRE,2023-10-06,125426,46,False,6,0.516,0.616,10,-10.479,0,0.433,0.553,0.00562,0.117,0.528,80.44,spotify:track:2P85pvlywFv7CxghMFyido
The Caliphate (feat. Vince Staples),Earl Sweatshirt,VOIR DIRE,2023-10-06,230720,48,False,10,0.538,0.467,11,-11.792,0,0.121,0.351,0.000832,0.154,0.153,114.526,spotify:track:3RCbCn5Y1OQpk2FPzBkhJV
Money - Hippo Sound System Remix,K.O.G,Remixes from the Struggle,2019-11-29,307257,11,False,2,0.5,0.82,4,-9.29,0,0.0765,0.0711,0.000213,0.0839,0.198,142.96,spotify:track:2QoEoaAHaBhnAvag01Wt9e
Big Steppa,Amaarae,Fountain Baby,2023-06-09,176720,53,False,5,0.777,0.501,0,-7.749,0,0.0461,0.548,7.24e-05,0.117,0.812,103.941,spotify:track:0qNH2olGC2AUMMptYsdrK5
Aquamarie Luvs Ecstasy,Amaarae,Fountain Baby,2023-06-09,278733,45,True,12,0.568,0.461,1,-10.24,0,0.0422,0.765,0.297,0.101,0.236,95.04,spotify:track:0xIy8FcIz088Ec4dxslUtm
Dang,Caroline Polachek,Dang,2023-10-17,164514,45,False,1,0.817,0.375,1,-7.011,1,0.0592,0.012,0.118,0.41,0.531,134.998,spotify:track:7ddHGUPt5bOpVFAtX6TJN8
Sabena,Greg Foat,Dolphin,2023-06-16,572908,24,False,5,0.199,0.0644,4,-19.546,0,0.0323,0.921,0.872,0.116,0.04,69.377,spotify:track:0SnDaos7M7MgyHDTJH1B7G
Listen,Cymande,Cymande,1972-01-01,280560,34,False,4,0.669,0.573,10,-11.748,1,0.0889,0.389,0.123,0.12,0.267,100.068,spotify:track:38o4uK67nxJpi9Ox9buG5f
Cease The Bombing,Grant Green,Carryin' On,1969,531173,7,False,5,0.702,0.31,5,-15.818,1,0.0434,0.942,0.869,0.0763,0.607,124.36,spotify:track:0E45MFe8sb8fAWYYCudhph
True to Hip-Hop,Aim,Cold Water Music,1999,267786,19,False,8,0.796,0.674,2,-7.691,0,0.24,0.0618,0.000134,0.118,0.626,84.927,spotify:track:22CNT4gTsTtXB0lPWzBDY1
"A Tree, A Rock and a Cloud",Aim,Cold Water Music,1999,257586,20,False,10,0.633,0.49,11,-8.357,0,0.0255,0.0359,0.573,0.0657,0.23,71.983,spotify:track:2XzKpW0PmgqsMsE4CsHrx6
Journey to the End of the Night,Aim,Cold Water Music,1999,327080,18,False,11,0.644,0.776,1,-7.017,0,0.0604,0.000483,0.864,0.0957,0.912,132.334,spotify:track:5C57FzNsdGSIeIiyXbDtw0
Pretty In Possible,Caroline Polachek,"Desire, I Want To Turn Into You",2023-02-14,216374,53,False,2,0.71,0.626,1,-9.338,1,0.0383,0.109,0.00096,0.119,0.276,100.0,spotify:track:4Q5LWPIKCuV6LRdDeqOYM7
I Believe,Caroline Polachek,"Desire, I Want To Turn Into You",2023-02-14,247375,50,False,6,0.673,0.625,2,-8.281,1,0.0294,0.0964,0.00376,0.141,0.406,129.965,spotify:track:6GqesoY3jZD9BqT1v4UEmk
Fly To You (feat. Grimes and Dido),Caroline Polachek,"Desire, I Want To Turn Into You",2023-02-14,245124,54,False,7,0.469,0.416,8,-12.131,1,0.0418,0.105,0.000581,0.0686,0.124,161.045,spotify:track:0RVn3A5FHQ8OgiIxuRkepW
Sign Your Name - Lee 'Scratch' Perry Remix,Sananda Maitreya,The Essential Sananda Maitreya !,2002-10-29,318840,11,False,8,0.825,0.539,4,-13.899,1,0.0544,0.322,0.0397,0.0548,0.476,109.207,spotify:track:16i44Px0Qf60p2uKJM2K8c
Cool As Ice - Jellybean Mix,52nd Street,Twice As Nice : Be Music / Dojo / Kamins / Baker Productions,2004,467360,3,False,13,0.824,0.703,10,-11.68,0,0.0503,0.0929,0.102,0.0677,0.89,114.432,spotify:track:4fy3dVcA8CRvu8rc9XoXoZ
Let Me Love You for Tonight - House Club Version,Kariya,Let Me Love You for Tonight,1988-07-04,378449,45,False,1,0.785,0.669,7,-8.967,1,0.0428,0.000753,0.0243,0.0585,0.521,112.121,spotify:track:3M2eKHfiVbAcdVbXq2vuHl
Eva,Robson Jorge,Robson Jorge e Lincoln Olivetti,1982-09-16,346522,35,False,7,0.6,0.71,2,-10.81,1,0.0543,0.465,0.956,0.124,0.586,111.805,spotify:track:06WWnCfoJveGUvYQWK7nGf
Big Medicine - Album Edit,Ron Trent,Dance Floor Boogie Delites,2011-12-05,258546,4,False,1,0.755,0.739,9,-11.489,0,0.0503,0.211,0.348,0.179,0.695,123.451,spotify:track:6GJOUAsVWC4c0DnEfpMgAl
Day Pulse - Original Mix,BEGIN,Begin,2018-05-04,317342,0,False,2,0.717,0.651,7,-11.607,1,0.0415,0.0161,0.821,0.0942,0.827,93.009,spotify:track:7wTslfRFepnLp9wrJt7bZr
El Viaje de Dumpty,Viejas Raíces,De las Colonias del Rio de la Plata,1976-12-01,315066,0,False,7,0.605,0.562,0,-15.605,1,0.0453,0.948,0.874,0.0764,0.207,110.585,spotify:track:4fAvSNcAc39U9vZTx2NG58
Being Boiled - Fast Version / 2003 Digital Remaster,The Human League,Reproduction,1979,234040,41,False,16,0.864,0.755,11,-6.827,0,0.101,0.338,0.0483,0.0595,0.327,98.815,spotify:track:2xN8RYKg69sdfoqtvYnwwM
It's Not a Ballad,Airto Moreira,"Touching You, Touching Me",1979,256920,5,False,9,0.162,0.117,3,-17.09,1,0.0384,0.985,0.854,0.121,0.0377,180.76,spotify:track:4pB1smzE2qvM5gUXHi2e50
French Kiss,Avril,F Comm Essentials,2000-01-01,489573,2,False,5,0.529,0.816,0,-8.896,1,0.0937,0.0124,0.439,0.0863,0.353,121.239,spotify:track:00x9r1Blc0X60wuB7aXe3U
MPFree Now,Session Victim,10.000 Hours,2021-12-03,253099,33,False,2,0.788,0.715,11,-9.346,0,0.0448,0.342,0.895,0.099,0.806,114.004,spotify:track:4TKnGSbdyThAQEaHKDBP6H
Tezeta (Nostalgia),Mulatu Astatke,"Ethiopiques, Vol. 4: Ethio Jazz 1969-1974",1998-10-06,376640,52,False,4,0.547,0.356,5,-10.199,0,0.0366,0.954,0.917,0.0891,0.504,81.032,spotify:track:414J8tKHbtF16XOiHGBEso
"Homesickness, Pt. 2",Emahoy Tsege Mariam Gebru,"Ethiopiques, vol. 21: Emahoy (Piano Solo)",2006,193413,47,False,13,0.347,0.102,8,-17.94,1,0.0437,0.995,0.858,0.115,0.126,66.982,spotify:track:185EiYT58r61hdnHxjKVzT
Yefikir Tizita,Mulatu Astatke,New York - Addis - London: The Story of Ethio Jazz 1965-1975,1969,247746,34,False,10,0.748,0.274,1,-14.947,1,0.0475,0.853,0.91,0.104,0.595,132.416,spotify:track:3vgrUEcng3pYwPoEFlxfxu
New Gods - Ron Basejam Remix,Catching Flies,New Gods (Ron Basejam Remix),2020-03-27,304486,19,False,1,0.733,0.56,5,-8.839,1,0.0639,0.0129,0.623,0.218,0.367,114.997,spotify:track:3Pckvky9FxWNjlmHa22QuB
Fusion Swirl,Jeff Parker,Suite for Max Brown,2020-01-24,332447,15,False,3,0.307,0.738,7,-10.415,1,0.0619,0.658,0.349,0.119,0.0406,76.302,spotify:track:326RZqeoQWzjmWOSGfkNlD
The Homeless Wanderer,Emahoy Tsege Mariam Gebru,"Ethiopiques, vol. 21: Emahoy (Piano Solo)",2006,427840,41,False,1,0.432,0.072,0,-22.419,0,0.0366,0.992,0.889,0.0941,0.208,65.451,spotify:track:1NUdV2Lc7e2sbC14T7kG4q
Slave To Love,Bryan Ferry,Boys And Girls,1985,266333,69,False,2,0.661,0.818,2,-5.9,1,0.0291,0.182,0.000995,0.0527,0.79,147.544,spotify:track:1c9dnQbOzw01ID7X2IsYOE
Number One,Chaz Jankel,My Occupation 'The Music Of Chaz Jankel',2007-10-15,436826,30,False,5,0.878,0.883,4,-5.37,0,0.0411,0.0811,0.00189,0.0997,0.974,120.572,spotify:track:58cr1vfJwcczRD9f2amcmA
Cleopatra y la Serpiente,Zombies,Extraños Juegos,1993-07-27,298733,14,False,6,0.858,0.522,9,-12.497,0,0.0349,0.158,0.691,0.0612,0.963,113.761,spotify:track:6o1gw48xub0nMH6Tn4sW8K
Presentiment,Emahoy Tsege Mariam Gebru,"Ethiopiques, vol. 21: Emahoy (Piano Solo)",2006,223200,32,False,5,0.351,0.0331,3,-23.025,1,0.0463,0.994,0.944,0.103,0.217,164.576,spotify:track:38CgHJxy5EnpF0Y0FrMCYK
Mother's Love,Emahoy Tsege Mariam Gebru,"Ethiopiques, vol. 21: Emahoy (Piano Solo)",2006,219146,43,False,6,0.419,0.0351,7,-24.865,1,0.0505,0.996,0.945,0.0941,0.284,72.238,spotify:track:5SnYnqM27WNCTN8siQqtbv
Ballad of the Spirits,Emahoy Tsege Mariam Gebru,"Ethiopiques, vol. 21: Emahoy (Piano Solo)",2006,355946,34,False,7,0.475,0.0111,7,-29.402,0,0.0444,0.996,0.951,0.108,0.14,66.264,spotify:track:2jpgGj8Qfaq6v912XfsWTR
The Song of the Sea,Emahoy Tsege Mariam Gebru,"Ethiopiques, vol. 21: Emahoy (Piano Solo)",2006,572520,33,False,8,0.3,0.0217,3,-29.143,1,0.0413,0.996,0.927,0.148,0.122,67.957,spotify:track:1BwVe23uLcEpTazi6w9pdD
Golgotha,Emahoy Tsege Mariam Gebru,"Ethiopiques, vol. 21: Emahoy (Piano Solo)",2006,311173,28,False,10,0.211,0.0409,5,-24.703,1,0.0397,0.995,0.942,0.0878,0.154,68.681,spotify:track:0sYNFepZBtlYDtgBi77IrJ
The Story of the Wind,Emahoy Tsege Mariam Gebru,"Ethiopiques, vol. 21: Emahoy (Piano Solo)",2006,166853,38,False,14,0.241,0.0764,8,-19.535,1,0.0427,0.995,0.861,0.101,0.201,70.135,spotify:track:63fe9UtiVSARFD3puLc5DI
Evening Breeze,Emahoy Tsege Mariam Gebru,"Ethiopiques, vol. 21: Emahoy (Piano Solo)",2006,171586,42,False,15,0.292,0.116,9,-20.635,1,0.0377,0.991,0.89,0.108,0.232,67.324,spotify:track:4eGHUzBXywhXqv6QS9kC2h
Who No Know Go Know,Fela Kuti,Everything Scatter,1975-01-01,909040,14,False,2,0.645,0.688,5,-11.565,1,0.0456,0.388,0.325,0.0936,0.885,98.092,spotify:track:7DTbSFms2RF6ybzSDukQtt
Portrait of Tracy,Jaco Pastorius,Jaco Pastorius,1976,142466,47,False,5,0.238,0.0536,0,-28.218,1,0.0515,0.974,0.948,0.106,0.116,68.031,spotify:track:5NBAy2oiS9OIWyAZhklsH2
Shegitu mare,Alemayehu Eshete,"Ethiopiques, Vol. 9: Alèmayèhu Eshèté 1969-1974",2004-07-04,197826,9,False,9,0.422,0.788,8,-6.836,1,0.302,0.743,0.00131,0.125,0.866,179.384,spotify:track:5SYM14o7mGhy8HYcFcTyBG
Telantena zare,Alemayehu Eshete,"Ethiopiques, Vol. 9: Alèmayèhu Eshèté 1969-1974",2004-07-04,226893,32,False,11,0.658,0.683,7,-6.813,1,0.0753,0.754,0.00117,0.136,0.948,83.114,spotify:track:1Rs3d222xwyNcB4PrrAtYa
I Will Never Learn,Nation of Language,Strange Disciple,2023-09-15,295826,29,False,10,0.618,0.812,6,-8.505,1,0.0378,0.19,0.758,0.118,0.487,120.023,spotify:track:777muMxnZdiSgziIgglEaR
I Got The... - 2006 Remaster,Labi Siffre,Remember My Song,1975,395373,58,False,1,0.476,0.604,0,-10.85,0,0.117,0.11,4.15e-05,0.134,0.583,87.304,spotify:track:20VuO95A8RxUPlShnfYArW
Village Song,Isaiah Collier,Parallel Universe,2023-11-24,787110,14,False,2,0.406,0.677,6,-11.914,1,0.153,0.461,3.98e-06,0.108,0.543,143.815,spotify:track:655pwb1HdvQyvnKOKN9XU3
Double Rapture,Sis,Double Rapture,2021-10-29,239669,15,False,1,0.565,0.415,0,-14.104,1,0.0405,0.694,0.748,0.218,0.337,180.107,spotify:track:3PB6UriPJhA0SjdLZsT8A7
Dusty Rhodes,Gerald Bailey,Migration Climate,2023-04-11,125133,40,False,2,0.673,0.609,0,-8.715,1,0.0399,0.679,0.625,0.125,0.568,96.94,spotify:track:1Ij2mvxmCV825mU4DCqWMn
Family,Ron Trent,Primitive Arts,1999-01-01,427200,12,False,2,0.739,0.59,3,-12.259,0,0.048,0.302,0.879,0.0419,0.872,99.975,spotify:track:3nE5EkbZxtx1C7mxG1e737
I Feel The Rhythm,Ron Trent,Primitive Arts,1999-01-01,384240,29,False,4,0.909,0.667,10,-12.366,0,0.135,0.0528,0.88,0.208,0.673,123.986,spotify:track:2JVzNkHarX3ceGbOB4aF6Q
Aaj Shanibar,Rupa,Disco Jazz,1982-01-01,479629,41,False,3,0.576,0.765,2,-10.799,1,0.188,0.418,0.0753,0.0667,0.822,126.041,spotify:track:31KWQUc0jo0qjZeqduEovA
flown,Batu,half speed,2023-12-01,503729,8,False,3,0.406,0.268,11,-18.941,1,0.0382,0.917,0.957,0.132,0.238,121.971,spotify:track:4NrYUtEDvYnsrlteEARbwH
the fifth,Batu,half speed,2023-12-01,301763,11,False,4,0.288,0.29,9,-12.431,0,0.0388,0.974,0.921,0.13,0.0353,137.5,spotify:track:3knpE92xmm6xWTk4ToLQCO
God Is a Circle,Yves Tumor,"Praise A Lord Who Chews But Which Does Not Consume; (Or Simply, Hot Between Worlds)",2023-03-17,212706,47,False,1,0.562,0.895,11,-5.007,0,0.0343,0.000241,0.368,0.535,0.452,109.598,spotify:track:596pY5JqwSgSqM8cA4A0rg
Meteora Blues,Yves Tumor,"Praise A Lord Who Chews But Which Does Not Consume; (Or Simply, Hot Between Worlds)",2023-03-17,227706,41,False,3,0.378,0.604,7,-7.384,1,0.0359,0.00106,1.93e-05,0.101,0.0767,177.995,spotify:track:0KtYUlIhPf0fLpmJRT73yM
Parody,Yves Tumor,"Praise A Lord Who Chews But Which Does Not Consume; (Or Simply, Hot Between Worlds)",2023-03-17,186493,39,False,5,0.351,0.545,7,-8.163,1,0.0313,0.00133,0.155,0.173,0.127,171.723,spotify:track:4oWHRC1mCSSJhNv3YoUlBc
Operator,Yves Tumor,"Praise A Lord Who Chews But Which Does Not Consume; (Or Simply, Hot Between Worlds)",2023-03-17,196026,38,False,7,0.553,0.956,7,-4.117,1,0.0574,0.000212,0.000128,0.669,0.583,145.033,spotify:track:6wsmCMlFGX4jOko2I3bUtb
Echolalia,Yves Tumor,"Praise A Lord Who Chews But Which Does Not Consume; (Or Simply, Hot Between Worlds)",2023-03-17,180146,52,False,9,0.747,0.824,0,-6.783,0,0.0536,0.044,0.817,0.19,0.745,130.0,spotify:track:20Co6wsSQkqMtZaQxtjz8a
Purified By the Fire,Yves Tumor,"Praise A Lord Who Chews But Which Does Not Consume; (Or Simply, Hot Between Worlds)",2023-03-17,193373,36,False,11,0.247,0.731,11,-6.287,1,0.0774,0.000454,0.902,0.266,0.443,71.848,spotify:track:2FoT6FoaIdh8hvePaIXYXr
Open,James K,036,2021-03-19,118295,42,False,1,0.197,0.149,7,-19.168,1,0.0364,0.909,0.867,0.257,0.0388,135.509,spotify:track:3xkR8ckMQsPuTbyiifMWzw
Plastic Antique,Oneohtrix Point Never,Again,2023-09-29,270239,27,False,6,0.555,0.432,9,-9.909,0,0.0543,0.0437,0.598,0.0985,0.3,116.003,spotify:track:3AK0E0uJjK0sSVMOBhjP9C
Nightmare Paint,Oneohtrix Point Never,Again,2023-09-29,258997,26,False,9,0.361,0.47,0,-9.823,0,0.0388,0.155,0.718,0.459,0.132,99.521,spotify:track:79MHi2TWATxB4f1mW6oWQl
La Flûte Des Mornes,Max Cilla,Wanted Afrobeat: From Diggers to Music Lovers,2017-06-16,459671,19,False,9,0.778,0.818,1,-7.619,0,0.387,0.417,0.887,0.269,0.93,118.288,spotify:track:6iBc1aJbjnCWq0zz9DhwxA
Death of a Disco Dancer - 2011 Remaster,The Smiths,"Strangeways, Here We Come",1987-09-28,326253,46,False,3,0.26,0.864,9,-7.599,1,0.0541,0.0134,0.204,0.0924,0.56,171.035,spotify:track:1Nov3Bi6sKCDnnuhjPJTCY
Last Night I Dreamt That Somebody Loved Me - 2011 Remaster,The Smiths,"Strangeways, Here We Come",1987-09-28,305600,56,False,6,0.132,0.435,2,-9.381,0,0.0291,0.0249,0.00598,0.111,0.0679,201.493,spotify:track:17zN523CEjJWBGXrUb3xex
Paint a Vulgar Picture - 2011 Remaster,The Smiths,"Strangeways, Here We Come",1987-09-28,336093,44,False,8,0.559,0.679,9,-6.796,1,0.0238,0.00732,7.07e-06,0.0755,0.65,96.204,spotify:track:54RgmPfPMd9NsPqCSJNMex
Sleeper,BADBADNOTGOOD,Sleeper,2023-10-18,244271,53,False,1,0.477,0.537,9,-7.329,1,0.0545,0.306,0.00221,0.129,0.489,96.485,spotify:track:5UWJ898JHDe9Ong9Gnkdhd
Nanook Rubs It,Frank Zappa,Apostrophe('),1974-03-22,277160,41,False,2,0.645,0.454,4,-12.893,1,0.313,0.143,0.0197,0.248,0.375,139.705,spotify:track:1m2bxi6oXt69p07HuJcsU1
Cosmik Debris,Frank Zappa,Apostrophe('),1974-03-22,255880,45,False,5,0.56,0.544,5,-11.097,0,0.333,0.101,7.44e-05,0.217,0.685,111.161,spotify:track:6pqWrRF9K2PHpBmmRSIte4
Apostrophe',Frank Zappa,Apostrophe('),1974-03-22,349786,41,False,7,0.28,0.879,9,-9.214,1,0.0793,0.303,0.821,0.338,0.568,171.12,spotify:track:0W7SzJd9YNDiEUxxeKGdTU
Uncle Remus,Frank Zappa,Apostrophe('),1974-03-22,169600,54,False,8,0.484,0.66,0,-11.163,1,0.0358,0.034,0.0812,0.0893,0.742,78.591,spotify:track:4PPwkLq2ld1k09Bl5NkyZB
Stink-Foot,Frank Zappa,Apostrophe('),1974-03-22,400693,36,False,9,0.369,0.558,5,-10.664,0,0.148,0.255,0.000774,0.173,0.555,66.952,spotify:track:5nV609B7jqDuKEupcerPTK
Priscilla,Soft Machine,The Soft Machine (Remastered And Expanded),1968,63266,44,False,8,0.354,0.331,9,-16.891,0,0.0298,0.408,0.92,0.234,0.3,129.008,spotify:track:1jnxRJSuS9QIfjRuzKOvIC
Drink Before the War,Sinéad O'Connor,Lion and the Cobra,1987-11-04,323133,58,False,8,0.492,0.265,8,-12.254,0,0.0339,0.537,0.00467,0.15,0.0922,123.882,spotify:track:5Bmc87iF3wRWGyDbzcMrG3
Caribbean Blue,Enya,"Themes From ""Calmi Cuori Appassionati""",2001,238599,55,False,2,0.393,0.44,4,-10.77,1,0.0315,0.786,0.963,0.0882,0.667,157.639,spotify:track:6qNQcYitWE3mY2WDaTv6Kc
Don't Be Mad At Me,Bohannon,Gittin' Off,1976,336453,13,False,6,0.395,0.146,2,-14.316,1,0.0385,0.982,0.907,0.0756,0.188,134.671,spotify:track:0fWlT1Gg78sRRYoxiW9woQ
Cape Verdean Bruk,Don Pascal,The Mindelo Experiment,2022-11-11,338273,3,False,1,0.779,0.728,4,-11.028,0,0.0483,0.0306,0.868,0.0783,0.496,126.85,spotify:track:20WeqNG9I6SHNuuMc9Z5si
Broken Biscuits,Rebecca Vasmant,Broken Biscuits,2022-02-17,377818,23,False,1,0.37,0.815,9,-5.345,0,0.0818,0.67,0.1,0.484,0.318,157.889,spotify:track:0CVX6UKcZkfS2vGrqbQKXI
Airavata,Miguel Atwood-Ferguson,Airavata,2023-08-24,271866,7,False,1,0.17,0.192,11,-18.937,0,0.0432,0.963,0.159,0.075,0.0652,139.172,spotify:track:32Zt1StZRw2p7cqzaRJ5ke
The Boat,Hania Rani,Ghosts,2023-10-06,425600,34,False,8,0.519,0.221,4,-24.159,0,0.033,0.856,0.913,0.0999,0.47,115.102,spotify:track:6bslbp8bb9kpX54SogOLsp
"Darkness, Darkness",Kieran Hebden,"Darkness, Darkness / No Services",2023-06-30,607922,33,False,1,0.57,0.773,5,-8.292,0,0.0463,0.554,0.819,0.225,0.395,94.935,spotify:track:2ih7916Ch16x9n75yhc3Ok
Future Perfect,The Durutti Column,Fidelity,1996,315000,45,False,3,0.729,0.438,1,-18.854,1,0.0535,0.0996,0.393,0.0919,0.519,99.976,spotify:track:0RlpgTdnxatoTRBvG34zaB
Dance Yourself Free,Rebecca Vasmant,Broken Biscuits,2022-02-17,372524,1,False,2,0.496,0.948,7,-4.493,1,0.249,0.0531,0.00652,0.0683,0.737,115.982,spotify:track:0LEcwSGEPRTKFwABHpOHA1
I Am Stretched on Your Grave,Sinéad O'Connor,I Do Not Want What I Haven't Got,1990-07-01,333386,39,False,2,0.712,0.654,8,-8.039,0,0.0667,0.0936,0.0672,0.131,0.548,93.957,spotify:track:2VQUtkqHTXKY5rm81PZEtk
Rotations,Ebende,Åter,2023-11-03,452411,4,False,2,0.807,0.839,11,-11.025,0,0.064,0.0211,0.861,0.0884,0.837,128.008,spotify:track:1y0fZhqZeB5EYEg3lhZnLT
Old San Juan,MFSB,Mysteries of the World,1980-12-01,269133,29,False,6,0.667,0.715,0,-10.303,0,0.068,0.0728,0.279,0.126,0.318,99.491,spotify:track:1cmDA9WSDPLEISCp0i7xk2
